,City,Temp_Farenheit,Humidity,Cloudiness,Windspeed,Latitude,Longitude
1,Marsh Harbour,74.81,100.00%,20.00%,1.90,26.54,-77.06
2,Norman Wells,35.60,93.00%,90.00%,13.87,65.28,-126.83
3,Nyangao,73.91,90.00%,32.00%,2.13,-10.33,39.28
4,Torbay,40.60,93.00%,90.00%,10.29,47.66,-52.73
5,Caucaia,79.93,94.00%,40.00%,9.17,-3.73,-38.66
6,Qaanaaq,-1.70,78.00%,32.00%,4.36,77.48,-69.36
7,Ginda,43.76,57.00%,20.00%,2.57,30.69,78.49
8,Istanbul,46.74,70.00%,0.00%,11.41,41.01,28.95
9,Ushuaia,51.03,81.00%,75.00%,17.22,-54.81,-68.31
10,Nanortalik,27.20,100.00%,20.00%,26.17,60.14,-45.24
11,Alice Springs,48.20,45.00%,0.00%,5.59,-23.7,133.88
12,Airai,63.20,85.00%,0.00%,0.56,-8.93,125.41
13,Lolua,69.50,93.00%,88.00%,5.37,-33.59,26.89
14,Port Alfred,78.26,25.00%,1.00%,6.93,34.42,-119.7
15,Santa Barbara,81.56,17.00%,0.00%,10.74,13.98,10.27
16,Goure,55.20,62.00%,75.00%,18.34,-53.16,-70.91
17,Punta Arenas,57.20,93.00%,90.00%,6.93,-42.48,-73.76
18,Olafsvik,49.87,79.00%,0.00%,1.99,-35.71,150.18
19,Castro,59.06,58.00%,0.00%,4.47,20.52,-13.05
20,Batemans Bay,55.20,62.00%,75.00%,18.34,-53.16,-70.91
21,Atar,84.35,99.00%,56.00%,8.39,-1.57,9.26
22,Punta Arenas,75.35,28.00%,0.00%,11.63,-46.43,-67.52
23,Omboue,66.36,34.00%,1.00%,5.82,45.52,-122.67
24,Mar Del Plata,58.97,100.00%,64.00%,24.94,38.52,-28.7
25,Portland,83.36,98.00%,0.00%,15.77,2.04,45.34
26,Ribeira Grande,40.60,93.00%,90.00%,10.29,47.66,-52.73
27,Mogadishu,57.65,99.00%,100.00%,1.99,-34.42,19.24
28,Torbay,82.55,99.00%,92.00%,10.40,-2.02,147.27
29,Hermanus,95.00,50.00%,40.00%,2.68,6.19,-67.49
30,Lorengau,33.80,80.00%,90.00%,13.42,53.14,59.15
31,Puerto Carreno,24.80,68.00%,75.00%,13.87,49.78,-74.86
32,Svetlogorsk,54.00,71.00%,24.00%,8.01,-46.13,167.69
33,Chapais,30.53,88.00%,68.00%,5.37,65.85,44.24
34,Tuatapere,60.67,82.00%,75.00%,4.70,-33.93,18.42
35,Mezen,38.46,71.00%,0.00%,6.93,53.96,-1.08
36,Cape Town,54.00,71.00%,20.00%,8.01,-46.19,168.86
37,York,12.17,76.00%,0.00%,4.92,53.98,124.16
38,Mataura,70.39,44.00%,44.00%,15.21,-33.64,115.35
39,Never,70.39,44.00%,44.00%,15.21,-33.64,115.35
40,Busselton,62.60,48.00%,75.00%,27.51,-45.58,-72.07
41,Busselton,51.05,46.00%,0.00%,6.93,28.42,30.79
42,Coihaique,77.33,53.00%,0.00%,2.91,-20.63,-46
43,Attawapiskat,54.00,71.00%,24.00%,8.01,-46.13,167.69
44,Matay,83.21,45.00%,40.00%,11.41,22.72,-82.29
45,Amderma,6.80,60.00%,40.00%,4.70,78.22,15.63
46,Ponta Do Sol,70.39,44.00%,44.00%,15.21,-33.64,115.35
47,Tuatapere,48.20,39.00%,75.00%,4.70,58.81,-122.69
48,Bengkulu,54.00,71.00%,20.00%,8.01,-46.19,168.86
49,Batabano,73.73,100.00%,76.00%,5.70,-33.02,27.91
50,Longyearbyen,54.21,47.00%,0.00%,2.24,45.6,-0.6
51,Busselton,57.65,99.00%,100.00%,1.99,-34.42,19.24
52,Fort Nelson,38.53,48.00%,20.00%,3.00,50.56,-96.99
53,Mataura,25.49,79.00%,56.00%,2.35,52.96,103.29
54,East London,54.21,47.00%,0.00%,2.24,45.6,-0.6
55,Souillac,63.20,85.00%,0.00%,0.56,-8.93,125.41
56,Hermanus,34.52,34.00%,75.00%,12.75,50.1,-91.92
57,Husavik,83.18,100.00%,0.00%,4.92,-0.6,73.08
58,Mikhaylovka,25.04,80.00%,20.00%,2.57,42.79,75.7
59,Souillac,78.73,25.00%,1.00%,6.93,34.64,-120.46
60,Airai,82.19,100.00%,56.00%,2.01,-14.27,50.17
61,Sioux Lookout,57.20,93.00%,90.00%,6.93,-42.48,-73.76
62,Hithadhoo,55.74,87.00%,75.00%,8.05,38.18,-1.13
63,Kemin,60.67,82.00%,75.00%,4.70,-33.93,18.42
64,Taolanaro,83.18,100.00%,0.00%,4.92,-0.6,73.08
65,Lompoc,65.99,91.00%,44.00%,2.46,-6.82,30.44
66,Sambava,57.45,100.00%,90.00%,11.41,-34.58,150.85
67,Castro,80.28,74.00%,75.00%,4.70,5.28,115.24
68,Fortuna,47.61,81.00%,0.00%,1.57,37.51,22.37
69,Mys Shmidta,59.58,63.00%,20.00%,6.93,28.66,-17.92
70,Cape Town,76.88,100.00%,68.00%,18.57,-23.12,-134.97
71,Hithadhoo,51.03,81.00%,75.00%,17.22,-54.81,-68.31
72,Karema,86.00,33.00%,40.00%,6.93,-33.01,-68.8
73,Nizhneyansk,54.00,71.00%,20.00%,8.01,-46.19,168.86
74,Flinders,28.19,68.00%,0.00%,5.26,33.15,68.78
75,Victoria,50.85,93.00%,20.00%,5.82,34.92,32.53
76,Tripoli,76.88,100.00%,68.00%,18.57,-23.12,-134.97
77,Los Llanos De Aridane,45.36,66.00%,0.00%,3.02,39.45,22.34
78,Rikitea,51.03,81.00%,75.00%,17.22,-54.81,-68.31
79,Ushuaia,9.65,70.00%,36.00%,2.91,70.62,147.9
80,Russell,53.30,68.00%,0.00%,3.69,14.4,46.47
81,Mataura,69.50,93.00%,88.00%,5.37,-33.59,26.89
82,Sharan,38.88,56.00%,75.00%,26.40,42.65,-73.75
83,Lasa,82.28,34.00%,48.00%,7.16,-38.31,-60.23
84,Rikitea,68.33,92.00%,0.00%,2.57,15.34,74.49
85,Saint George,78.80,94.00%,75.00%,4.70,-5.81,-35.21
86,Ushuaia,5.06,78.00%,8.00%,6.60,69.38,178.42
87,Chokurdakh,72.56,85.00%,8.00%,7.83,-33.69,-53.46
88,Marzuq,28.40,86.00%,90.00%,4.47,64.42,-173.23
89,Port Alfred,62.57,91.00%,0.00%,2.57,-23.04,29.91
90,Albany,83.84,66.00%,20.00%,13.87,-0.74,-90.35
91,Barrow,27.20,100.00%,20.00%,26.17,60.14,-45.24
92,Vaini,76.88,100.00%,68.00%,18.57,-23.12,-134.97
93,Natal,18.29,84.00%,0.00%,7.16,59.36,143.24
94,Leningradskiy,75.11,88.00%,40.00%,6.93,-20.34,57.76
95,Chuy,78.80,21.00%,0.00%,2.24,26.56,76.33
96,Provideniya,76.88,100.00%,68.00%,18.57,-23.12,-134.97
97,Louis Trichardt,83.63,100.00%,36.00%,5.93,-16.48,-151.75
98,Puerto Ayora,81.38,100.00%,92.00%,10.96,-9.8,-139.03
99,Nanortalik,32.20,59.00%,75.00%,13.87,62.91,6.91
100,Rikitea,84.35,99.00%,56.00%,8.39,-1.57,9.26
101,Okhotsk,56.01,26.00%,1.00%,9.17,30.3,-99.24
102,Bambous Virieux,31.39,52.00%,0.00%,6.93,60.15,15.18
103,Lalsot,9.65,70.00%,36.00%,2.91,70.62,147.9
104,Rikitea,24.80,79.00%,90.00%,14.99,69.44,-133.03
105,Faanui,78.73,25.00%,1.00%,6.93,34.64,-120.46
106,Atuona,80.60,78.00%,0.00%,3.36,-25.34,-57.51
107,Bud,90.83,44.00%,0.00%,5.03,-21.13,-56.49
108,Omboue,36.18,80.00%,20.00%,1.12,35.73,140.83
109,Harper,84.20,70.00%,20.00%,23.04,12.52,-70.03
110,Ludvika,70.39,44.00%,44.00%,15.21,-33.64,115.35
111,Chokurdakh,77.00,65.00%,0.00%,3.36,-22.97,-42.02
112,Tuktoyaktuk,82.40,69.00%,76.00%,8.05,4.94,-52.33
113,Lompoc,80.75,100.00%,88.00%,10.63,-16.23,39.91
114,San Lorenzo,31.79,99.00%,76.00%,13.53,63.05,179.32
115,Bonito,50.50,61.00%,75.00%,9.17,-42.88,147.33
116,Hasaki,81.38,100.00%,92.00%,10.96,-9.8,-139.03
117,Oranjestad,75.35,28.00%,0.00%,11.63,-46.43,-67.52
118,Busselton,76.88,100.00%,68.00%,18.57,-23.12,-134.97
119,Arraial Do Cabo,78.89,61.00%,40.00%,13.87,22.08,-159.32
120,Nylstroom,77.33,53.00%,0.00%,2.91,-20.63,-46
121,Cayenne,82.55,99.00%,92.00%,10.40,-2.02,147.27
122,Kazalinsk,83.84,66.00%,20.00%,13.87,-0.74,-90.35
123,Angoche,52.74,82.00%,0.00%,4.70,45.53,12.64
124,Beringovskiy,38.88,56.00%,75.00%,26.40,42.65,-73.75
125,Hobart,80.08,14.00%,1.00%,11.41,32.77,-117.02
126,Atuona,82.40,83.00%,20.00%,4.70,-15.72,46.32
127,Tkvarcheli,49.46,81.00%,0.00%,15.10,36.82,21.7
128,Mar Del Plata,38.27,50.00%,0.00%,2.68,60.75,-137.51
129,Rikitea,57.20,93.00%,90.00%,6.93,-41.87,-73.83
130,Kapaa,57.65,99.00%,100.00%,1.99,-34.42,19.24
131,Ponta Do Sol,46.55,98.00%,92.00%,3.69,27.72,109.18
132,Lorengau,38.88,56.00%,75.00%,26.40,42.65,-73.75
133,Puerto Ayora,33.80,80.00%,75.00%,6.71,56.3,60.95
134,Iesolo,86.00,58.00%,75.00%,9.17,4.05,-74.83
135,Albany,75.20,100.00%,40.00%,3.36,16.47,107.58
136,La Mesa,45.46,70.00%,12.00%,11.41,50.95,1.95
137,Mahajanga,33.76,74.00%,0.00%,11.41,58.61,5.65
138,Methoni,53.75,62.00%,0.00%,8.50,-23.58,149.07
139,Haines Junction,50.50,61.00%,75.00%,9.17,-42.78,147.06
140,Ancud,55.22,62.00%,75.00%,18.34,-53.16,-70.91
141,Hermanus,38.36,82.00%,8.00%,2.68,-33.21,138.6
142,Tongren,80.28,74.00%,75.00%,4.70,5.28,115.24
143,Albany,79.30,51.00%,20.00%,12.75,20.89,-156.47
144,Shchelkun,83.45,100.00%,0.00%,8.16,11.67,92.75
145,Suarez,55.22,62.00%,75.00%,18.34,-53.16,-70.91
146,Hue,82.28,34.00%,48.00%,7.16,-38.31,-60.23
147,Marck,33.37,85.00%,90.00%,11.18,59.77,30.8
148,Varhaug,51.80,93.00%,90.00%,2.13,-37.83,140.78
149,Bluff,83.63,26.00%,0.00%,8.50,27.97,-114.04
150,Samusu,73.19,74.00%,0.00%,12.53,11,122.67
151,New Norfolk,69.50,93.00%,88.00%,5.37,-33.59,26.89
152,Punta Arenas,70.39,44.00%,44.00%,15.21,-33.64,115.35
153,Jamestown,42.98,84.00%,80.00%,9.17,54.11,-9.15
154,Illoqqortoormiut,68.33,92.00%,0.00%,2.57,15.34,74.49
155,Samusu,57.20,93.00%,90.00%,6.93,-42.48,-73.76
156,Stornoway,-9.35,49.00%,0.00%,2.57,67.55,133.39
157,Victoria,16.76,79.00%,8.00%,5.82,71.64,128.87
158,Kahului,63.65,95.00%,56.00%,3.69,25.52,90.21
159,Port Blair,59.00,28.00%,0.00%,13.87,32.86,59.22
160,Punta Arenas,-1.70,78.00%,32.00%,4.36,77.48,-69.36
161,Barrow,61.86,59.00%,0.00%,12.75,-23.53,148.16
162,Otradnoye,80.60,26.00%,0.00%,11.41,17.54,44.22
163,Mount Gambier,58.66,87.00%,0.00%,4.70,-28.95,153.24
164,Guerrero Negro,21.53,85.00%,56.00%,15.43,71.97,114.09
165,Dingle,57.11,82.00%,40.00%,28.30,38.73,-27.07
166,Port Alfred,-8.99,47.00%,0.00%,2.57,69.3,139.9
167,Busselton,43.31,69.00%,80.00%,16.67,54.43,31.9
168,Ballina,71.30,95.00%,0.00%,15.99,14.9,-24.5
169,Vaini,88.94,32.00%,0.00%,8.72,12.41,-12.29
170,Castro,28.46,77.00%,48.00%,5.82,65.01,53.91
171,Verkhoyansk,58.26,87.00%,76.00%,11.41,-34.53,20.04
172,Tiksi,69.86,95.00%,92.00%,12.19,-35.17,173.16
173,Tura,50.50,61.00%,75.00%,9.17,-42.88,147.33
174,Taolanaro,55.22,62.00%,75.00%,18.34,-53.16,-70.91
175,Birjand,31.39,68.00%,90.00%,4.70,49.76,-94.48
176,Qaanaaq,55.22,62.00%,75.00%,18.34,-53.16,-70.91
177,Emerald,51.03,81.00%,75.00%,17.22,-54.81,-68.31
178,Najran,54.00,71.00%,24.00%,8.01,-46.13,167.69
179,Codrington,3.20,84.00%,90.00%,9.17,70.47,-68.59
180,Saskylakh,78.68,67.00%,64.00%,8.05,9.53,-6.48
181,Praia Da Vitoria,69.50,93.00%,88.00%,5.37,-33.59,26.89
182,Deputatskiy,78.89,61.00%,40.00%,13.87,22.08,-159.32
183,Sobolevo,72.56,85.00%,8.00%,7.83,-33.69,-53.46
184,Sao Filipe,57.65,99.00%,100.00%,1.99,-34.42,19.24
185,Segou,46.40,39.00%,90.00%,4.70,63.59,-135.9
186,Izhma,77.00,94.00%,68.00%,12.75,-19.06,-169.92
187,Bredasdorp,78.73,25.00%,1.00%,6.93,34.64,-120.46
188,Ahipara,-0.26,77.00%,0.00%,3.69,69.7,170.27
189,Hobart,43.20,52.00%,1.00%,3.36,60.79,-161.76
190,Punta Arenas,50.50,61.00%,75.00%,9.17,-42.88,147.33
191,Kenora,88.76,76.00%,8.00%,6.93,11.28,-15.83
192,Punta Arenas,75.13,88.00%,40.00%,6.93,-20.01,57.66
193,Ushuaia,62.60,55.00%,75.00%,4.70,8.96,38.73
194,Tuatapere,58.26,87.00%,76.00%,11.41,-34.53,20.04
195,Clyde River,29.72,91.00%,80.00%,12.19,71.98,102.47
196,Boundiali,75.62,97.00%,0.00%,6.60,7.42,81.82
197,Port Alfred,78.73,25.00%,1.00%,6.93,34.64,-120.46
198,Kapaa,53.98,50.00%,1.00%,14.99,39.31,-74.98
199,Chuy,76.19,69.00%,90.00%,8.05,19.71,-155.08
200,Hermanus,78.80,78.00%,20.00%,4.70,7.49,80.36
201,Mayo,56.81,96.00%,92.00%,1.90,28.17,94.8
202,Belushya Guba,51.03,81.00%,75.00%,17.22,-54.81,-68.31
203,Alofi,82.55,100.00%,68.00%,15.43,3.07,172.79
204,Lompoc,27.20,100.00%,20.00%,26.17,60.14,-45.24
205,Pevek,-0.26,77.00%,0.00%,3.69,69.7,170.27
206,Attawapiskat,50.50,61.00%,75.00%,9.17,-42.88,147.33
207,Rungata,76.88,100.00%,68.00%,18.57,-23.12,-134.97
208,Bethel,41.00,93.00%,90.00%,17.22,50.23,-63.6
209,Hobart,78.86,92.00%,64.00%,1.79,-14.9,50.28
210,Bubaque,29.72,91.00%,80.00%,12.19,71.98,102.47
211,Grand Gaube,62.60,55.00%,75.00%,4.70,8.96,38.73
212,Lebu,50.42,100.00%,100.00%,3.69,25.86,114.93
213,Bredasdorp,68.33,92.00%,0.00%,2.57,15.34,74.49
214,Saleaula,62.66,78.00%,0.00%,17.78,-26.65,15.16
215,Khatanga,51.03,81.00%,75.00%,17.22,-54.81,-68.31
216,Kalmunai,71.30,95.00%,0.00%,15.99,14.9,-24.5
217,Lompoc,13.61,86.00%,68.00%,11.86,53.59,142.95
218,Port Elizabeth,77.00,94.00%,68.00%,12.75,-19.06,-169.92
219,Saleaula,68.69,95.00%,0.00%,2.68,18.03,73.02
220,Taolanaro,55.22,62.00%,75.00%,18.34,-53.16,-70.91
221,Hilo,64.46,95.00%,64.00%,11.97,25.02,37.27
222,Kurunegala,82.55,100.00%,68.00%,15.43,3.07,172.79
223,Along,80.60,69.00%,0.00%,2.24,-22.28,166.46
224,Ushuaia,59.74,52.00%,76.00%,17.00,23.02,-98.88
225,Butaritari,33.39,95.00%,90.00%,17.90,64.73,177.51
226,Nanortalik,83.84,66.00%,20.00%,13.87,-0.74,-90.35
227,Pevek,51.03,81.00%,75.00%,17.22,-54.81,-68.31
228,Hobart,73.73,100.00%,76.00%,5.70,-33.02,27.91
229,Rikitea,40.21,52.00%,90.00%,13.87,41.34,-76
230,Havre-Saint-Pierre,75.08,93.00%,0.00%,4.81,25.29,60.65
231,Antalaha,79.49,99.00%,76.00%,3.91,-5.2,-35.46
232,Khatanga,83.84,66.00%,20.00%,13.87,-0.74,-90.35
233,Lebu,76.88,100.00%,68.00%,18.57,-23.12,-134.97
234,Taolanaro,68.33,92.00%,0.00%,2.57,15.34,74.49
235,Ganzhou,82.40,26.00%,0.00%,12.75,-45.87,-67.48
236,Vaini,21.53,85.00%,56.00%,15.43,71.97,114.09
237,Luderitz,76.88,100.00%,68.00%,18.57,-23.12,-134.97
238,Ushuaia,35.60,80.00%,90.00%,16.11,68.22,-135.01
239,Sao Filipe,70.39,44.00%,44.00%,15.21,-33.64,115.35
240,Okha,67.64,56.00%,75.00%,13.87,31.21,-82.35
241,Alofi,89.03,18.00%,0.00%,3.02,18.62,-100.35
242,Srivardhan,76.19,69.00%,90.00%,8.05,19.71,-155.08
243,Punta Arenas,50.50,61.00%,75.00%,9.17,-42.88,147.33
244,Umm Lajj,83.63,26.00%,0.00%,8.50,27.97,-114.04
245,Butaritari,57.26,43.00%,20.00%,10.07,29.03,21.55
246,Noumea,86.33,56.00%,8.00%,5.14,13.59,-89.83
247,Xicotencatl,21.53,85.00%,56.00%,15.43,71.97,114.09
248,Anadyr,43.52,75.00%,40.00%,6.93,-41.43,147.14
249,Puerto Ayora,38.36,82.00%,8.00%,2.68,-33.21,138.6
250,Crab Hill,54.00,71.00%,20.00%,8.01,-46.19,168.86
251,Ushuaia,80.39,69.00%,32.00%,1.90,3.47,23.69
252,East London,33.80,80.00%,90.00%,13.42,53.14,59.15
253,Back Mountain,75.09,88.00%,40.00%,6.93,-20.41,57.7
254,Chabahar,35.60,47.00%,40.00%,3.36,54.13,-108.44
255,Touros,36.65,100.00%,88.00%,7.16,63.44,-20.27
256,Puerto Ayora,35.66,65.00%,0.00%,1.68,41.28,20.71
257,Rikitea,83.84,66.00%,20.00%,13.87,-0.74,-90.35
258,Vaini,-1.88,59.00%,0.00%,2.46,68.75,161.3
259,Comodoro Rivadavia,33.37,85.00%,90.00%,11.18,59.7,30.79
260,Guicheng,64.46,27.00%,8.00%,12.19,-30.97,22.13
261,Saskylakh,54.00,71.00%,20.00%,8.01,-46.19,168.86
262,Rikitea,51.03,81.00%,75.00%,17.22,-54.81,-68.31
263,Aklavik,54.00,71.00%,20.00%,8.01,-46.19,168.86
264,Busselton,82.55,100.00%,68.00%,15.43,3.07,172.79
265,Waycross,43.20,52.00%,1.00%,3.36,60.79,-161.76
266,Coahuayana,78.80,100.00%,5.00%,2.24,6.12,81.12
267,Hilo,16.76,79.00%,8.00%,5.82,71.64,128.87
268,Hobart,77.15,100.00%,92.00%,9.17,-10.62,150.67
269,Guerrero Negro,76.07,100.00%,92.00%,2.57,-8.15,159.59
270,Jalu,48.20,70.00%,1.00%,17.22,55.34,-131.65
271,Acajutla,80.39,86.00%,44.00%,3.13,-0.18,10.76
272,Saskylakh,33.48,59.00%,0.00%,4.70,56.17,14.86
273,Launceston,58.66,87.00%,0.00%,4.70,-28.95,153.24
274,Jamestown,55.22,62.00%,75.00%,18.34,-53.16,-70.91
275,Mataura,80.28,74.00%,75.00%,4.70,5.28,115.24
276,Kulu,43.02,92.00%,92.00%,1.45,40.07,-2.13
277,Svetlogorsk,77.00,57.00%,0.00%,4.70,-24.8,-53.31
278,Vaitupu,81.38,100.00%,92.00%,10.96,-9.8,-139.03
279,Mahebourg,64.71,77.00%,75.00%,4.70,-33.58,-71.61
280,Meadow Lake,55.40,62.00%,0.00%,8.05,-25.24,130.99
281,Vestmannaeyjar,83.84,66.00%,20.00%,13.87,-0.74,-90.35
282,Poum,76.19,69.00%,90.00%,8.05,19.71,-155.08
283,Puerto Ayora,82.55,100.00%,68.00%,15.43,3.07,172.79
284,Cherskiy,86.00,70.00%,40.00%,11.41,13.64,-88.78
285,Nikolskoye,70.39,44.00%,44.00%,15.21,-33.64,115.35
286,Carnarvon,34.92,69.00%,90.00%,9.17,45.36,-73.48
287,Mataura,80.60,69.00%,40.00%,16.11,13.22,-59.52
288,Ushuaia,62.60,55.00%,75.00%,4.70,8.96,38.73
289,Mataura,51.03,81.00%,75.00%,17.22,-54.81,-68.31
290,Butaritari,70.39,44.00%,44.00%,15.21,-33.64,115.35
291,Bethel,73.28,94.00%,24.00%,2.68,16.94,104.73
292,Taolanaro,32.00,100.00%,75.00%,4.70,40.21,140.05
293,Taolanaro,82.55,100.00%,68.00%,15.43,3.07,172.79
294,Hambantota,78.80,88.00%,20.00%,5.82,-11.38,43.28
295,Tiksi,64.46,95.00%,0.00%,2.80,10.2,122.99
296,Belushya Guba,51.03,81.00%,75.00%,17.22,-54.81,-68.31
297,Samarai,76.88,100.00%,68.00%,18.57,-23.12,-134.97
298,Buala,60.67,82.00%,75.00%,4.70,-33.93,18.42
299,Ketchikan,80.93,59.00%,56.00%,4.25,-33.52,-56.9
300,Ndjole,82.40,65.00%,5.00%,6.93,16.86,-99.88
301,Karlshamn,22.79,80.00%,76.00%,3.36,61.81,36.54
302,Codrington,77.00,65.00%,0.00%,3.36,-22.97,-42.02
303,Punta Arenas,53.75,62.00%,0.00%,8.50,-23.58,149.07
304,Victoria,50.50,61.00%,75.00%,9.17,-42.78,147.06
305,Cuenca,39.44,67.00%,24.00%,6.38,34.57,105.89
306,Corbelia,45.19,61.00%,0.00%,2.24,44.65,26.83
307,Taolanaro,73.00,74.00%,36.00%,1.01,-24.11,-49.33
308,Atuona,62.60,55.00%,75.00%,4.70,9.18,38.92
309,San Antonio,61.86,59.00%,0.00%,12.75,-23.53,148.16
310,Yulara,83.84,66.00%,20.00%,13.87,-0.74,-90.35
311,Kashi,38.36,82.00%,8.00%,2.68,-33.21,138.6
312,Puerto Ayora,83.18,100.00%,0.00%,4.92,-0.6,73.08
313,Hilo,82.28,34.00%,48.00%,7.16,-38.31,-60.23
314,Butaritari,57.20,93.00%,90.00%,6.93,-42.48,-73.76
315,San Vicente,51.03,81.00%,75.00%,17.22,-54.81,-68.31
316,Meyungs,26.01,79.00%,0.00%,18.34,68.38,17.6
317,Busselton,78.78,61.00%,1.00%,11.41,26.68,-80.67
318,Svetlyy,51.03,81.00%,75.00%,17.22,-54.81,-68.31
319,Saint-Philippe,50.50,61.00%,75.00%,9.17,-42.88,147.33
320,Bathsheba,78.23,26.00%,8.00%,2.91,18.74,7.39
321,Lebu,13.61,86.00%,68.00%,11.86,53.59,142.95
322,Ushuaia,33.37,85.00%,90.00%,11.18,59.7,30.79
323,Busselton,54.00,71.00%,20.00%,8.01,-46.19,168.86
324,That Phanom,64.46,27.00%,8.00%,12.19,-30.97,22.13
325,Noshiro,58.66,87.00%,0.00%,4.70,-28.95,153.24
326,Butaritari,40.98,86.00%,20.00%,17.22,52.96,4.76
327,Mitsamiouli,28.40,86.00%,90.00%,4.47,64.42,-173.23
328,Isabela,53.75,62.00%,0.00%,8.50,-23.58,149.07
329,Ushuaia,60.67,82.00%,75.00%,4.70,-33.93,18.42
330,Rikitea,57.65,99.00%,100.00%,1.99,-34.42,19.24
331,Cape Town,81.83,92.00%,0.00%,8.39,21.09,72.71
332,Trinidad,85.19,74.00%,40.00%,13.87,6.8,-58.16
333,Acapulco,80.28,74.00%,75.00%,4.70,5.28,115.24
334,Belushya Guba,66.20,72.00%,75.00%,13.87,24.8,125.28
335,Pudozh,51.03,81.00%,75.00%,17.22,-54.81,-68.31
336,Arraial Do Cabo,43.76,57.00%,20.00%,2.57,30.69,78.49
337,Bluff,64.46,27.00%,8.00%,12.19,-30.97,22.13
338,New Norfolk,-1.70,78.00%,32.00%,4.36,77.48,-69.36
339,Beidao,50.78,66.00%,0.00%,3.69,15.17,44.32
340,Sfantu Gheorghe,64.40,77.00%,0.00%,16.11,20.93,-17.03
341,Itarare,76.62,61.00%,20.00%,8.05,21.39,-158.15
342,Dire,3.20,84.00%,90.00%,9.17,70.47,-68.59
343,Emerald,69.50,93.00%,88.00%,5.37,-33.59,26.89
344,Puerto Ayora,16.76,79.00%,8.00%,5.82,71.64,128.87
345,Sentyabrskiy,86.00,62.00%,0.00%,4.70,-29.77,-57.08
346,Jamestown,78.80,100.00%,75.00%,5.82,-6.97,-34.84
347,Halalo,18.11,78.00%,0.00%,13.09,66.56,67.8
348,Hithadhoo,34.14,50.00%,90.00%,9.17,39.26,-84.82
349,Barrow,70.39,44.00%,44.00%,15.21,-33.64,115.35
350,Castro,53.75,62.00%,0.00%,8.50,-23.58,149.07
351,Ushuaia,48.20,61.00%,75.00%,11.41,37.5,61.97
352,Beisfjord,69.80,64.00%,40.00%,13.87,16.18,-22.92
353,Belle Glade,81.29,61.00%,0.00%,5.14,9.62,6.55
354,Ushuaia,76.88,100.00%,68.00%,18.57,-23.12,-134.97
355,Dzhusaly,13.61,68.00%,56.00%,3.58,52.42,136.49
356,Illoqqortoormiut,82.28,34.00%,48.00%,7.16,-38.31,-60.23
357,Hobart,10.19,85.00%,76.00%,10.40,66.15,-65.72
358,Arlit,20.36,86.00%,8.00%,2.91,51.68,102.13
359,Okha,89.60,43.00%,0.00%,3.69,9.11,18.35
360,Nikolskoye,60.67,82.00%,75.00%,4.70,-33.93,18.42
361,Mataura,36.18,80.00%,20.00%,1.12,35.73,140.83
362,Carnarvon,57.20,93.00%,90.00%,6.93,-42.48,-73.76
363,Codrington,80.66,92.00%,24.00%,5.14,-6.13,12.37
364,Den Helder,-9.35,49.00%,0.00%,2.57,67.55,133.39
365,Provideniya,77.00,61.00%,20.00%,5.82,-22.65,-42.51
366,Tuggurt,63.20,85.00%,0.00%,0.56,-8.93,125.41
367,Bluff,81.11,100.00%,0.00%,16.33,-17.73,-39.27
368,Cape Town,-3.95,52.00%,0.00%,2.91,68.54,146.19
369,Hermanus,67.70,74.00%,0.00%,3.69,-25.41,-70.49
370,Dumas,74.81,80.00%,48.00%,2.13,-30.17,-50.22
371,Georgetown,75.35,28.00%,0.00%,11.63,-46.43,-67.52
372,Victoria,35.84,98.00%,92.00%,7.05,59.53,45.45
373,Hirara,33.05,88.00%,0.00%,7.83,43.35,52.85
374,Ushuaia,57.17,57.00%,0.00%,13.65,-22,148.04
375,Ginda,42.80,87.00%,88.00%,12.75,62.23,-6.59
376,Carnarvon,28.40,86.00%,90.00%,4.47,64.42,-173.23
377,Qaanaaq,34.84,51.00%,90.00%,8.05,48.61,-93.4
378,Sayyan,22.07,64.00%,48.00%,3.69,42.28,125.73
379,Nouadhibou,24.64,92.00%,0.00%,3.36,64.91,25.51
380,Nanakuli,78.89,61.00%,40.00%,13.87,22.08,-159.32
381,Korla,55.22,62.00%,75.00%,18.34,-53.16,-70.91
382,Clyde River,82.28,34.00%,48.00%,7.16,-38.31,-60.23
383,Port Alfred,36.18,80.00%,20.00%,1.12,35.73,140.83
384,Tiksi,57.65,99.00%,100.00%,1.99,-34.42,19.24
385,Uruguaiana,82.55,100.00%,68.00%,15.43,3.07,172.79
386,Cabedelo,81.38,100.00%,92.00%,10.96,-9.8,-139.03
387,Aksarka,76.19,69.00%,90.00%,8.05,19.71,-155.08
388,Harrison,9.65,70.00%,36.00%,2.91,70.62,147.9
389,Busselton,76.88,100.00%,68.00%,18.57,-23.12,-134.97
390,Bluff,29.72,86.00%,24.00%,16.33,55.87,72.2
391,Murgab,3.20,84.00%,90.00%,9.17,70.47,-68.59
392,Sal Rei,80.21,99.00%,48.00%,5.14,-16.11,167.42
393,Minna,41.69,84.00%,0.00%,3.36,-32.25,148.6
394,Taolanaro,35.60,47.00%,40.00%,3.36,54.13,-108.44
395,Rikitea,50.85,93.00%,20.00%,5.82,34.92,32.53
396,Imeni Poliny Osipenko,38.88,56.00%,75.00%,26.40,42.65,-73.75
397,Barrow,17.60,67.00%,48.00%,8.05,69.22,-51.1
398,Pangnirtung,17.60,67.00%,48.00%,8.05,69.22,-51.1
399,Kyren,57.65,99.00%,100.00%,1.99,-34.42,19.24
400,Kibala,76.88,100.00%,68.00%,18.57,-23.12,-134.97
401,Cape Town,54.00,71.00%,20.00%,8.01,-46.19,168.86
402,Hasaki,37.99,100.00%,68.00%,11.52,47.17,-55.16
403,Castro,53.85,37.00%,1.00%,20.80,39.31,-74.98
404,Soyo,39.20,69.00%,40.00%,16.11,65.68,-18.09
405,Verkhoyansk,47.63,77.00%,36.00%,6.71,29.44,55.67
406,Caxito,82.40,65.00%,0.00%,3.36,-25.4,-55.27
407,Airai,85.16,97.00%,32.00%,8.39,4.42,-7.36
408,Caravelas,35.66,65.00%,0.00%,1.68,41.28,20.71
409,Belaya Gora,54.00,71.00%,20.00%,8.01,-46.19,168.86
410,Taltal,50.50,61.00%,75.00%,9.17,-42.88,147.33
411,Cidreira,60.67,82.00%,75.00%,4.70,-33.93,18.42
412,Mar Del Plata,38.88,56.00%,75.00%,26.40,42.65,-73.75
413,Nikolsk,59.77,72.00%,20.00%,9.17,33.08,-16.33
414,Zhanaozen,58.26,87.00%,76.00%,11.41,-34.53,20.04
415,Moranbah,40.43,100.00%,92.00%,25.17,64.25,-15.21
416,Klaksvik,16.76,73.00%,68.00%,2.80,46.24,130.56
417,Provideniya,63.68,32.00%,1.00%,6.93,49.38,-121.43
418,Fort Frances,26.60,63.00%,0.00%,11.18,68.82,32.82
419,Liuhe,-1.70,78.00%,32.00%,4.36,77.48,-69.36
420,Kempele,83.44,47.00%,5.00%,11.41,22.89,-109.91
421,Illoqqortoormiut,24.80,79.00%,90.00%,14.99,69.44,-133.03
422,Kapaa,34.57,55.00%,0.00%,9.17,62.49,17.33
423,Punta Arenas,-0.26,77.00%,0.00%,3.69,69.7,170.27
424,Barrow,62.98,72.00%,75.00%,17.22,-0.39,-78.55
425,Taolanaro,83.84,66.00%,20.00%,13.87,-0.74,-90.35
426,Hasaki,55.22,62.00%,75.00%,18.34,-53.16,-70.91
427,Hermanus,29.72,91.00%,80.00%,12.19,71.98,102.47
428,Butaritari,76.88,100.00%,68.00%,18.57,-23.12,-134.97
429,Atuona,85.19,74.00%,40.00%,13.87,6.8,-58.16
430,Hilo,83.18,100.00%,0.00%,4.92,-0.6,73.08
431,Chokurdakh,55.73,56.00%,80.00%,3.91,41.42,-6.55
432,Palabuhanratu,63.20,85.00%,0.00%,0.56,-8.93,125.41
433,Rikitea,82.55,100.00%,68.00%,15.43,3.07,172.79
434,Tyukalinsk,61.13,53.00%,0.00%,17.00,-45.87,170.5
435,Clyde River,32.41,84.00%,40.00%,17.22,63.83,10.7
436,Lakatoro,28.37,92.00%,88.00%,16.11,69.49,88.39
437,Dubbo,57.65,99.00%,100.00%,1.99,-34.42,19.24
438,Nizhneyansk,60.67,82.00%,75.00%,4.70,-33.93,18.42
439,Meadow Lake,78.80,57.00%,0.00%,2.24,-22.41,-47.56
440,Harigue,53.84,79.00%,56.00%,0.67,-13.98,-74.17
441,Lasa,21.20,41.00%,0.00%,8.05,60.91,-46.05
442,Albany,70.39,44.00%,44.00%,15.21,-33.64,115.35
443,Ilulissat,79.40,100.00%,8.00%,17.11,11.14,123.72
444,Ilulissat,-0.26,77.00%,0.00%,3.69,69.7,170.27
445,Hermanus,81.48,69.00%,92.00%,4.00,-31.62,-60.7
446,Rikitea,35.60,93.00%,90.00%,13.87,65.28,-126.83
447,Mataura,29.72,86.00%,24.00%,16.33,55.87,72.2
448,Marystown,53.75,62.00%,0.00%,8.50,-23.58,149.07
449,Port Elizabeth,54.83,99.00%,92.00%,1.34,27.93,96.16
450,Taolanaro,21.53,85.00%,56.00%,15.43,71.97,114.09
451,Akureyri,32.70,74.00%,0.00%,11.41,58.89,5.65
452,Sirjan,75.20,100.00%,92.00%,17.22,-21.21,-159.78
453,Doctor Juan Leon Mallorquin,85.97,67.00%,88.00%,3.47,-26.98,-56.83
454,Tabou,57.47,76.00%,0.00%,3.36,41.53,-8.62
455,Palabuhanratu,78.80,74.00%,75.00%,5.82,17.01,54.1
456,Poum,27.20,100.00%,20.00%,26.17,60.14,-45.24
457,Mataura,82.10,100.00%,68.00%,8.95,-2.57,150.8
458,Hobart,76.88,100.00%,68.00%,18.57,-23.12,-134.97
459,Cape Town,30.20,86.00%,0.00%,8.95,60.73,77.6
460,Albany,32.15,80.00%,0.00%,2.91,45.32,55.19
461,Camacha,53.85,37.00%,1.00%,20.80,39.31,-74.98
462,Bredasdorp,77.15,100.00%,92.00%,9.17,-10.62,150.67
463,Hofn,50.50,61.00%,75.00%,9.17,-42.78,147.06
464,Huanan,43.20,52.00%,1.00%,3.36,60.79,-161.76
465,Hope,57.65,99.00%,100.00%,1.99,-34.42,19.24
466,Murmashi,50.52,61.00%,75.00%,9.17,-43.03,147.26
467,Qaanaaq,53.75,62.00%,0.00%,8.50,-23.58,149.07
468,Cabo San Lucas,28.37,92.00%,88.00%,16.11,69.49,88.39
469,Tuktoyaktuk,21.53,85.00%,56.00%,15.43,71.97,114.09
470,Timra,78.89,65.00%,5.00%,10.29,20.71,-105.21
471,Pevek,60.67,82.00%,75.00%,4.70,-33.93,18.42
472,San Cristobal,60.67,82.00%,75.00%,4.70,-33.93,18.42
473,Samusu,41.00,93.00%,75.00%,4.70,38.62,34.71
474,Puerto Ayora,70.39,44.00%,44.00%,15.21,-33.64,115.35
475,Punta Arenas,50.51,85.00%,0.00%,6.38,30.75,20.22
476,Attawapiskat,16.76,79.00%,8.00%,5.82,71.64,128.87
477,Khatanga,68.33,92.00%,0.00%,2.57,15.34,74.49
478,Rikitea,37.56,55.00%,0.00%,3.36,51.9,15.33
479,Georgetown,60.67,82.00%,75.00%,4.70,-33.93,18.42
480,Hithadhoo,38.88,56.00%,75.00%,26.40,42.65,-73.75
481,Saldanha,77.78,98.00%,0.00%,9.95,-21.55,167.88
482,Falealupo,68.33,92.00%,0.00%,2.57,15.34,74.49
483,Airai,70.49,98.00%,0.00%,2.35,-7.95,110.28
484,Butaritari,55.17,82.00%,40.00%,12.75,37.72,-25.43
485,Dunedin,78.68,89.00%,12.00%,6.60,-10.41,-36.43
486,Amderma,60.67,82.00%,75.00%,4.70,-33.93,18.42
487,Hovd,71.66,96.00%,76.00%,3.91,2.79,24.73
488,Talnakh,91.40,59.00%,20.00%,4.70,-2.98,-65.16
489,Hermanus,41.97,80.00%,90.00%,12.75,42.08,-72.03
490,Cape Town,76.25,88.00%,12.00%,4.25,16.02,80.92
491,Rio Claro,53.85,37.00%,1.00%,20.80,39.31,-74.98
492,Totoro,82.28,34.00%,48.00%,7.16,-38.31,-60.23
493,Narsaq,68.96,19.00%,0.00%,7.72,27.75,-107.63
494,Busselton,51.03,81.00%,75.00%,17.22,-54.81,-68.31
495,Sulangan,12.98,77.00%,0.00%,3.58,48.6,133.81
496,Pevek,-1.70,78.00%,32.00%,4.36,77.48,-69.36
497,Santa Fe,76.88,100.00%,68.00%,18.57,-23.12,-134.97
498,Norman Wells,46.91,73.00%,0.00%,12.64,53.43,33.92
499,Tyukalinsk,82.37,100.00%,8.00%,1.90,-0.92,100.36
500,Bluff,31.25,97.00%,92.00%,5.14,60.35,102.28
501,Barentsburg,58.97,100.00%,64.00%,24.94,38.52,-28.7
502,Tezu,75.20,69.00%,0.00%,8.05,-20.31,118.58
503,Illoqqortoormiut,28.40,86.00%,90.00%,4.47,64.42,-173.23
504,Saskylakh,55.22,62.00%,75.00%,18.34,-53.16,-70.91
505,Sola,68.33,92.00%,0.00%,2.57,15.34,74.49
506,Avarua,70.39,44.00%,44.00%,15.21,-33.64,115.35
507,San Patricio,35.87,59.00%,90.00%,19.46,62.45,-114.38
508,Barcelos,16.31,78.00%,0.00%,3.58,57.24,107.32
509,Salalah,53.85,37.00%,1.00%,20.80,39.31,-74.98
510,Nanortalik,63.00,49.00%,0.00%,15.99,-46.28,169.85
511,Kavieng,68.33,92.00%,0.00%,2.57,15.34,74.49
512,Rikitea,77.05,45.00%,75.00%,14.99,29.65,-82.33
513,Strezhevoy,55.22,62.00%,75.00%,18.34,-53.16,-70.91
514,Beyneu,17.60,67.00%,48.00%,8.05,69.22,-51.1
515,Labutta,35.87,59.00%,90.00%,19.46,62.45,-114.38
516,Belushya Guba,82.55,100.00%,68.00%,15.43,3.07,172.79
517,Port Elizabeth,71.60,83.00%,40.00%,11.41,-7.84,-79.15
518,Samarai,54.00,71.00%,20.00%,8.01,-46.19,168.86
519,Illoqqortoormiut,76.88,100.00%,68.00%,18.57,-23.12,-134.97
520,New Norfolk,28.28,93.00%,88.00%,24.83,73.51,80.55
521,Bethel,81.29,100.00%,8.00%,3.58,-12.58,13.4
522,Hermanus,44.60,52.00%,0.00%,11.18,48.03,40.04
523,Margate,55.22,62.00%,75.00%,18.34,-53.16,-70.91
524,Bluff,42.80,87.00%,88.00%,12.75,62.23,-6.59
525,Talnakh,87.40,9.00%,0.00%,1.99,20.8,-104.02
526,Saskylakh,58.26,87.00%,76.00%,11.41,-34.53,20.04
527,Ixtapa,75.11,88.00%,40.00%,6.93,-20.34,57.76
528,Cape Town,75.35,28.00%,0.00%,11.63,-46.43,-67.52
529,Cape Town,75.89,100.00%,80.00%,9.28,-8.49,140.4
530,Nevsehir,69.80,52.00%,0.00%,3.36,-15.77,128.74
531,Busselton,64.46,27.00%,8.00%,12.19,-30.97,22.13
532,Ajdabiya,23.00,79.00%,36.00%,4.47,53.05,158.65
533,Tiksi,-1.88,59.00%,0.00%,2.46,68.75,161.3
534,Boatlaname,80.28,74.00%,75.00%,4.70,5.28,115.24
535,Vaini,54.21,47.00%,0.00%,2.24,45.6,-0.6
536,Letnica,83.44,47.00%,5.00%,11.41,22.89,-109.91
537,Cape Town,51.03,81.00%,75.00%,17.22,-54.81,-68.31
538,Albany,75.71,98.00%,8.00%,5.14,5.38,95.96
539,Tadine,70.39,44.00%,44.00%,15.21,-33.64,115.35
540,Vaini,60.67,82.00%,75.00%,4.70,-33.93,18.42
541,Taolanaro,63.00,49.00%,0.00%,15.99,-46.28,169.85
542,Saleaula,57.20,93.00%,90.00%,6.93,-42.48,-73.76
543,Bambanglipuro,72.43,73.00%,8.00%,9.17,-32.55,115.7
544,Vila Franca Do Campo,59.77,72.00%,20.00%,9.17,33.08,-16.33
545,Piacabucu,-0.26,77.00%,0.00%,3.69,69.7,170.27
546,Cape Town,45.23,11.00%,1.00%,4.70,39.95,-94.76
547,Buta,76.88,100.00%,68.00%,18.57,-23.12,-134.97
548,Uarini,55.22,62.00%,75.00%,18.34,-53.16,-70.91
549,Southbridge,80.39,97.00%,8.00%,21.81,12.79,45.03
550,Avanigadda,82.19,100.00%,56.00%,2.01,-14.27,50.17
551,Port Elizabeth,55.22,62.00%,75.00%,18.34,-53.16,-70.91
552,Barrow,51.03,81.00%,75.00%,17.22,-54.81,-68.31
553,Creel,76.88,100.00%,68.00%,18.57,-23.12,-134.97
554,Ushuaia,55.22,62.00%,75.00%,18.34,-53.16,-70.91
555,Smidovich,81.38,100.00%,92.00%,10.96,-9.8,-139.03
556,Qaanaaq,51.03,81.00%,75.00%,17.22,-54.81,-68.31
557,Rikitea,86.00,17.00%,0.00%,9.17,24.47,54.37
558,Rzhanitsa,16.76,79.00%,8.00%,5.82,71.64,128.87
559,Padang,41.23,93.00%,90.00%,9.17,45.62,-61.36
560,Vanavara,33.37,85.00%,90.00%,11.18,59.7,30.79
561,Ribeira Grande,68.33,92.00%,0.00%,2.57,15.34,74.49
562,Port Hedland,38.36,82.00%,8.00%,2.68,-33.21,138.6
563,Provideniya,69.80,52.00%,0.00%,4.70,28.58,77.04
564,Punta Arenas,73.19,74.00%,0.00%,12.53,11,122.67
565,Vaitupu,16.76,79.00%,8.00%,5.82,71.64,128.87
566,Vaini,50.50,61.00%,75.00%,9.17,-42.88,147.33
567,Busselton,70.39,44.00%,44.00%,15.21,-33.64,115.35
568,Taolanaro,60.67,82.00%,75.00%,4.70,-33.93,18.42
569,Yellowknife,46.15,100.00%,40.00%,2.57,37.88,41.13
570,Ulkan,27.56,85.00%,0.00%,9.28,54.17,74.7
571,Port Elizabeth,28.29,47.00%,76.00%,13.00,46.27,-81.77
572,Attawapiskat,62.48,37.00%,64.00%,6.60,27.03,14.43
573,Kaitangata,76.88,100.00%,68.00%,18.57,-23.12,-134.97
574,Vaini,41.00,93.00%,90.00%,17.22,50.23,-63.6
575,Gainesville,75.20,100.00%,92.00%,17.22,-21.21,-159.78
576,Punta Arenas,40.60,93.00%,90.00%,10.29,47.66,-52.73
577,Ilulissat,54.00,71.00%,20.00%,8.01,-46.19,168.86
578,Yellowknife,38.36,82.00%,8.00%,2.68,-33.21,138.6
579,Butaritari,58.66,87.00%,0.00%,4.70,-28.95,153.24
580,Chicama,38.88,56.00%,75.00%,26.40,42.65,-73.75
581,Angra,10.91,100.00%,64.00%,2.35,72.79,-56.15
582,Mataura,74.81,80.00%,48.00%,2.13,-30.17,-50.22
583,Rikitea,75.80,100.00%,0.00%,2.24,-9.11,124.89
584,Dikson,47.32,52.00%,1.00%,4.81,64.86,-147.8
585,Benguela,77.92,50.00%,20.00%,6.93,24.73,-77.79
586,Almaznyy,27.56,100.00%,48.00%,4.03,50.68,156.12
587,Punta Arenas,69.50,93.00%,88.00%,5.37,-33.59,26.89
588,Klaksvik,64.46,27.00%,8.00%,12.19,-30.97,22.13
589,Antonio Escobedo,75.35,28.00%,0.00%,11.63,-46.43,-67.52
590,Bredasdorp,35.87,59.00%,90.00%,19.46,62.45,-114.38
591,Berbera,83.63,26.00%,0.00%,8.50,27.97,-114.04
592,Bambous Virieux,53.75,62.00%,0.00%,8.50,-23.58,149.07
593,Mar Del Plata,51.03,81.00%,75.00%,17.22,-54.81,-68.31
594,Merauke,55.15,100.00%,75.00%,1.23,36.95,36.2
595,Kununurra,38.36,82.00%,8.00%,2.68,-33.21,138.6
596,Carnarvon,34.92,69.00%,90.00%,9.17,45.36,-73.48
597,Petropavlovsk-Kamchatskiy,51.03,81.00%,75.00%,17.22,-54.81,-68.31
598,Cherskiy,82.55,99.00%,92.00%,10.40,-2.02,147.27
599,Victoria,37.40,59.00%,75.00%,4.70,50.23,-99.46
600,Souillac,55.22,62.00%,75.00%,18.34,-53.16,-70.91
601,Cabo San Lucas,38.88,56.00%,75.00%,26.40,42.65,-73.75
602,Ushuaia,55.22,62.00%,75.00%,18.34,-53.16,-70.91
603,Sigli,69.80,52.00%,0.00%,3.36,-15.77,128.74
604,Busselton,83.84,66.00%,20.00%,13.87,-0.74,-90.35
605,Cape Town,37.38,60.00%,40.00%,14.99,45.12,-95.04
606,Kaitangata,80.60,88.00%,75.00%,6.93,-8.83,13.24
607,Castro,83.63,26.00%,0.00%,8.50,27.97,-114.04
608,Mandurah,73.19,74.00%,0.00%,12.53,11,122.67
609,Sentyabrskiy,79.49,99.00%,76.00%,3.91,-5.2,-35.46
610,Camacha,82.28,34.00%,48.00%,7.16,-38.31,-60.23
611,Pevek,69.50,93.00%,88.00%,5.37,-33.59,26.89
612,Sentyabrskiy,33.37,85.00%,90.00%,11.18,59.7,30.79
613,Kodiak,75.98,100.00%,88.00%,4.70,2.77,-77.67
614,Rikitea,33.37,85.00%,90.00%,11.18,59.7,30.79
615,Punta Arenas,92.27,51.00%,8.00%,3.91,-3.74,-61.66
616,Aden,58.50,87.00%,0.00%,5.82,37.14,-8.45
617,Sambava,78.89,61.00%,40.00%,13.87,22.08,-159.32
618,Punta Arenas,84.20,70.00%,20.00%,23.04,12.52,-70.03
619,Ushuaia,81.38,100.00%,92.00%,10.96,-9.8,-139.03
620,Rikitea,71.66,96.00%,76.00%,3.91,2.79,24.73
621,Punta Arenas,78.80,74.00%,75.00%,5.82,17.01,54.1
622,Atuona,28.28,93.00%,88.00%,24.83,73.51,80.55
623,Ushuaia,76.88,100.00%,68.00%,18.57,-23.12,-134.97
624,Abu Dhabi,63.20,85.00%,0.00%,0.56,-8.93,125.41
625,Tiksi,36.18,80.00%,20.00%,1.12,35.73,140.83
626,Port Hawkesbury,44.57,57.00%,0.00%,2.57,32.54,75.98
627,Nikolskoye,81.38,100.00%,92.00%,10.96,-9.8,-139.03
628,Vaini,60.67,82.00%,75.00%,4.70,-33.93,18.42
629,Saleaula,76.88,100.00%,68.00%,18.57,-23.12,-134.97
630,Jamestown,76.88,100.00%,68.00%,18.57,-23.12,-134.97
631,Dwarka,76.19,69.00%,90.00%,8.05,19.71,-155.08
632,Samusu,45.90,70.00%,0.00%,11.41,51.04,-4.21
633,Dingle,51.03,81.00%,75.00%,17.22,-54.81,-68.31
634,Tiksi,78.89,61.00%,40.00%,13.87,22.08,-159.32
635,Hobart,79.32,61.00%,0.00%,7.38,17.31,99.83
636,Busselton,64.46,27.00%,8.00%,12.19,-30.97,22.13
637,Cape Town,78.23,26.00%,8.00%,2.91,18.74,7.39
638,Batman,82.55,99.00%,92.00%,10.40,-2.02,147.27
639,Novovarshavka,54.00,71.00%,20.00%,8.01,-46.19,168.86
640,Espanola,50.50,61.00%,75.00%,9.17,-42.88,147.33
641,Sabha,82.55,100.00%,68.00%,15.43,3.07,172.79
642,Rikitea,58.97,100.00%,64.00%,24.94,38.52,-28.7
643,Havre-Saint-Pierre,50.52,61.00%,75.00%,9.17,-43.03,147.26
644,Avarua,86.00,66.00%,0.00%,5.82,16.89,42.56
645,Torbay,80.93,79.00%,100.00%,10.40,5.35,48.53
646,Mataura,74.81,93.00%,48.00%,1.34,-2.42,115.25
647,Jamestown,57.65,99.00%,100.00%,1.99,-34.42,19.24
648,Codrington,55.22,62.00%,75.00%,18.34,-53.16,-70.91
649,Albany,53.75,62.00%,0.00%,8.50,-23.58,149.07
650,Upernavik,84.20,70.00%,20.00%,23.04,12.52,-70.03
651,Bengkulu,58.26,87.00%,76.00%,11.41,-34.53,20.04
652,Cidreira,57.65,99.00%,100.00%,1.99,-34.42,19.24
653,Atambua,77.33,53.00%,0.00%,2.91,-20.63,-46
654,College,89.03,18.00%,0.00%,3.02,18.62,-100.35
655,Andros Town,35.87,59.00%,90.00%,19.46,62.45,-114.38
656,Severo-Kurilsk,38.36,82.00%,8.00%,2.68,-33.21,138.6
657,Port Alfred,38.36,82.00%,8.00%,2.68,-33.21,138.6
658,Carnarvon,64.40,68.00%,20.00%,13.87,-29.95,-71.34
659,Mar Del Plata,64.46,27.00%,8.00%,12.19,-30.97,22.13
660,Yellowknife,73.31,49.00%,1.00%,11.41,36.97,-122.03
661,Guerrero Negro,55.22,62.00%,75.00%,18.34,-53.16,-70.91
662,Bluff,31.25,97.00%,92.00%,5.14,60.35,102.28
663,Ushuaia,70.39,44.00%,44.00%,15.21,-33.64,115.35
664,Erzin,48.99,30.00%,8.00%,3.00,37.17,-99.65
665,Jamestown,83.63,26.00%,0.00%,8.50,27.97,-114.04
666,Saint-Philippe,28.28,93.00%,88.00%,24.83,73.51,80.55
667,Ushuaia,76.88,100.00%,68.00%,18.57,-23.12,-134.97
668,Lorengau,46.40,81.00%,0.00%,3.36,41.34,19.57
669,Neepawa,71.60,30.00%,40.00%,27.51,-13.71,-76.2
670,Punta Arenas,54.00,71.00%,20.00%,8.01,-46.19,168.86
671,Albany,57.22,82.00%,0.00%,5.82,39.36,-9.38
672,Punta Arenas,20.36,71.00%,24.00%,12.19,65.4,64.7
673,Kununurra,58.97,100.00%,64.00%,24.94,38.52,-28.7
674,Puerto Ayora,37.08,34.00%,75.00%,8.95,46.77,-92.13
675,Willmar,51.03,81.00%,75.00%,17.22,-54.81,-68.31
676,Luanda,77.96,100.00%,64.00%,4.36,-21.35,165.16
677,Guerrero Negro,77.87,100.00%,0.00%,10.18,6.37,126.17
678,Dingle,83.18,100.00%,0.00%,4.92,-0.6,73.08
679,Touros,51.03,81.00%,75.00%,17.22,-54.81,-68.31
680,Sentyabrskiy,83.18,100.00%,0.00%,4.92,-0.6,73.08
681,Barrow,59.04,76.00%,0.00%,3.36,41.72,-8.86
682,Port Alfred,35.87,59.00%,90.00%,19.46,62.45,-114.38
683,Nikolskoye,83.34,62.00%,20.00%,14.99,10.24,-61.45
684,Timbiqui,62.66,78.00%,0.00%,17.78,-26.65,15.16
685,Nikolskoye,78.59,99.00%,0.00%,6.93,-15.19,12.15
686,Saleaula,68.33,92.00%,0.00%,2.57,15.34,74.49
687,Anori,69.50,93.00%,88.00%,5.37,-33.59,26.89
688,Lagoa,45.25,87.00%,90.00%,11.41,41.38,-71.64
689,Kapaa,78.80,88.00%,90.00%,8.05,7.04,134.26
690,Oranjestad,38.88,56.00%,75.00%,26.40,42.65,-73.75
691,Atuona,63.20,85.00%,0.00%,0.56,-8.93,125.41
692,Buta,42.77,82.00%,0.00%,2.57,29.72,112.52
693,Salalah,31.79,99.00%,76.00%,13.53,63.05,179.32
694,Dikson,78.28,94.00%,75.00%,4.70,5.33,103.14
695,Rikitea,55.22,62.00%,75.00%,18.34,-53.16,-70.91
696,Airai,86.00,62.00%,40.00%,11.41,15,-83.23
697,Hasaki,54.00,71.00%,20.00%,8.01,-46.19,168.86
698,Dalhousie,78.82,25.00%,1.00%,6.93,34.64,-120.46
699,Taolanaro,79.36,78.00%,5.00%,8.05,17.97,-66.91
700,Hihifo,81.38,100.00%,92.00%,10.96,-9.8,-139.03
701,Atuona,62.60,55.00%,75.00%,4.70,8.96,38.73
702,Cape Town,54.00,71.00%,20.00%,8.01,-46.19,168.86
703,Rikitea,34.84,51.00%,90.00%,8.05,48.61,-93.4
704,Rikitea,51.80,93.00%,90.00%,2.13,-37.83,140.78
705,Hilo,72.83,85.00%,36.00%,2.35,-9.2,25.85
706,Northam,82.55,99.00%,92.00%,10.40,-2.02,147.27
707,Ushuaia,50.50,61.00%,75.00%,9.17,-42.88,147.33
708,Kapaa,45.23,11.00%,1.00%,4.70,39.95,-94.76
709,Sawankhalok,51.03,81.00%,75.00%,17.22,-54.81,-68.31
710,Carnarvon,66.35,66.00%,0.00%,2.91,24.57,80.59
711,Arlit,35.60,80.00%,90.00%,16.11,68.22,-135.01
712,Lorengau,70.39,44.00%,44.00%,15.21,-33.64,115.35
713,Mataura,53.85,37.00%,1.00%,20.80,39.31,-74.98
714,Hunza,51.03,81.00%,75.00%,17.22,-54.81,-68.31
715,Hobart,81.38,100.00%,92.00%,10.96,-9.8,-139.03
716,Butaritari,38.36,82.00%,8.00%,2.68,-33.21,138.6
717,Ribeira Grande,51.03,81.00%,75.00%,17.22,-54.81,-68.31
718,Margate,55.22,62.00%,75.00%,18.34,-53.16,-70.91
719,Saleaula,77.00,94.00%,68.00%,12.75,-19.06,-169.92
720,Jizan,70.39,44.00%,44.00%,15.21,-33.64,115.35
721,Hobyo,40.60,93.00%,90.00%,10.29,47.66,-52.73
722,Amuntai,80.60,88.00%,20.00%,6.26,5.88,-10.05
723,Hermanus,82.10,100.00%,68.00%,8.95,-2.57,150.8
724,Punta Arenas,83.63,100.00%,36.00%,5.93,-16.48,-151.75
725,Bluff,45.88,87.00%,90.00%,3.36,41.91,-1.72
726,Oranjestad,28.40,86.00%,90.00%,4.47,64.42,-173.23
727,Bredasdorp,69.44,83.00%,75.00%,10.29,32.3,-64.78
728,Hermanus,65.34,36.00%,0.00%,11.41,18.39,42.45
729,Ponta Do Sol,1.19,60.00%,0.00%,2.57,61.4,128.95
730,Coahuayana,75.08,78.00%,20.00%,10.63,-28.77,32.06
731,Yellowknife,62.66,78.00%,0.00%,17.78,-26.65,15.16
732,Jamestown,77.00,65.00%,20.00%,6.93,-2.46,-78.17
733,Jamestown,6.80,60.00%,40.00%,4.70,78.22,15.63
734,Coquimbo,58.26,87.00%,76.00%,11.41,-34.53,20.04
735,Carnarvon,85.97,67.00%,88.00%,3.47,-26.98,-56.83
736,Santa Cruz,78.95,100.00%,24.00%,4.14,-6.22,155.63
737,Punta Arenas,76.88,100.00%,68.00%,18.57,-23.12,-134.97
738,Vanavara,75.09,88.00%,40.00%,6.93,-20.41,57.7
739,Busselton,75.11,88.00%,40.00%,6.93,-20.34,57.76
740,Belushya Guba,78.80,65.00%,40.00%,11.41,-21.64,-41.05
741,Sitka,35.87,59.00%,90.00%,19.46,62.45,-114.38
742,Guerrero Negro,38.88,56.00%,75.00%,26.40,42.65,-73.75
743,Dikson,24.80,79.00%,90.00%,14.99,69.44,-133.03
744,Rikitea,57.65,99.00%,100.00%,1.99,-34.42,19.24
745,Shijak,54.00,71.00%,20.00%,8.01,-46.19,168.86
746,Pisco,34.72,74.00%,75.00%,24.16,63.73,8.83
747,Mataura,51.03,81.00%,75.00%,17.22,-54.81,-68.31
748,Peniche,68.00,68.00%,0.00%,20.80,14.69,-16.54
749,Muzhi,55.22,62.00%,75.00%,18.34,-53.16,-70.91
750,Ribeira Grande,78.89,61.00%,40.00%,13.87,22.08,-159.32
751,Duluth,71.60,30.00%,40.00%,27.51,-13.71,-76.2
752,Ushuaia,75.20,100.00%,92.00%,17.22,-21.21,-159.78
753,Poya,85.19,74.00%,40.00%,13.87,6.8,-58.16
754,Pundaguitan,70.39,44.00%,44.00%,15.21,-33.64,115.35
755,Hithadhoo,59.69,89.00%,68.00%,7.38,-34,24.73
756,Ushuaia,51.03,81.00%,75.00%,17.22,-54.81,-68.31
757,Hithadhoo,55.22,62.00%,75.00%,18.34,-53.16,-70.91
758,Areosa,45.28,75.00%,0.00%,5.82,49.38,11.22
759,Yellowknife,82.37,100.00%,8.00%,1.90,-0.92,100.36
760,Barentsburg,51.03,81.00%,75.00%,17.22,-54.81,-68.31
761,Esperance,58.10,87.00%,0.00%,6.93,-32.49,137.76
762,Luderitz,51.03,81.00%,75.00%,17.22,-54.81,-68.31
763,Namibe,55.28,100.00%,36.00%,2.13,-34.72,135.86
764,Vaini,43.61,42.00%,75.00%,11.41,36.35,-82.21
765,Port Alfred,58.87,72.00%,75.00%,5.82,-30.38,153.1
766,Camana,29.72,91.00%,80.00%,12.19,71.98,102.47
767,Marcona,57.65,99.00%,100.00%,1.99,-34.42,19.24
768,Taolanaro,76.19,69.00%,90.00%,8.05,19.71,-155.08
769,Charlestown,30.20,86.00%,0.00%,8.95,61.04,76.11
770,Kloulklubed,38.27,50.00%,0.00%,2.68,60.75,-137.51
771,Albany,34.92,69.00%,90.00%,9.17,45.36,-73.48
772,Airai,43.31,92.00%,36.00%,8.84,37.5,122.11
773,Dongsheng,36.18,80.00%,20.00%,1.12,35.73,140.83
774,Beringovskiy,75.20,100.00%,92.00%,17.22,-21.21,-159.78
775,Kuala Terengganu,75.34,88.00%,75.00%,10.29,-16.92,145.77
776,Punta Arenas,69.80,52.00%,0.00%,3.36,-15.77,128.74
777,Iralaya,53.75,62.00%,0.00%,8.50,-23.58,149.07
778,Mataura,52.50,81.00%,12.00%,10.29,47.55,-2.56
779,Lompoc,59.00,72.00%,40.00%,4.70,31.63,-7.99
780,Guanica,69.50,93.00%,88.00%,5.37,-33.59,26.89
781,Atuona,76.88,100.00%,68.00%,18.57,-23.12,-134.97
782,Phan Rang,82.55,100.00%,68.00%,15.43,3.07,172.79
783,Lebu,60.67,82.00%,75.00%,4.70,-33.93,18.42
784,Mataura,44.02,56.00%,75.00%,4.70,33.96,131.25
785,Fort Frances,53.85,37.00%,1.00%,20.80,39.31,-74.98
786,Mount Gambier,33.23,91.00%,92.00%,10.18,60.47,166.1
787,Bukama,46.46,98.00%,92.00%,0.78,27.88,102.25
788,Lorengau,38.88,56.00%,75.00%,26.40,42.65,-73.75
789,Hobart,67.61,43.00%,0.00%,7.38,-14.8,24.8
790,Kodiak,33.37,85.00%,90.00%,11.18,59.7,30.79
791,Ushuaia,86.96,27.00%,8.00%,9.40,13.05,3.19
792,Nagod,40.37,75.00%,0.00%,10.29,52.47,1.45
793,Aklavik,21.71,63.00%,0.00%,2.13,37.93,102.64
794,Busselton,54.21,47.00%,0.00%,2.24,45.6,-0.6
795,Port Elizabeth,50.50,61.00%,75.00%,9.17,-42.78,147.06
796,Ushuaia,85.19,74.00%,40.00%,13.87,6.8,-58.16
797,Atuona,76.88,100.00%,68.00%,18.57,-23.12,-134.97
798,Jamestown,35.60,93.00%,90.00%,13.87,65.28,-126.83
799,Karauzyak,85.97,67.00%,88.00%,3.47,-26.98,-56.83
800,Ushuaia,35.60,93.00%,90.00%,13.87,65.28,-126.83
801,Punta Arenas,77.00,65.00%,0.00%,3.36,-22.97,-42.02
802,Alofi,76.88,100.00%,68.00%,18.57,-23.12,-134.97
803,Busselton,76.88,100.00%,68.00%,18.57,-23.12,-134.97
804,Torbay,30.49,64.00%,40.00%,14.99,68.5,14.83
805,Buchanan,71.60,37.00%,0.00%,21.92,-41.13,-71.31
806,Kavieng,55.15,82.00%,20.00%,14.99,37.72,-25.43
807,Faanui,59.00,100.00%,90.00%,9.17,20.72,-97.32
808,Tarazona,82.55,100.00%,68.00%,15.43,3.07,172.79
809,Provideniya,23.00,79.00%,68.00%,26.40,65.61,-37.64
810,Hamilton,28.40,79.00%,1.00%,1.12,37.57,126.98
811,Faya,74.09,51.00%,8.00%,3.69,-17.03,-72.02
812,Mokhsogollokh,51.03,81.00%,75.00%,17.22,-54.81,-68.31
813,Richards Bay,78.89,65.00%,5.00%,10.29,20.71,-105.21
814,Kamenskoye,58.26,87.00%,76.00%,11.41,-34.53,20.04
815,Luderitz,70.39,44.00%,44.00%,15.21,-33.64,115.35
816,Sucua,33.82,86.00%,0.00%,4.70,56.62,8.18
817,Sentyabrskiy,41.00,86.00%,90.00%,5.82,40.75,48.39
818,Longyearbyen,51.78,25.00%,1.00%,6.93,34.61,-98.39
819,Bredasdorp,19.40,41.00%,40.00%,2.24,47.92,106.92
820,San Patricio,75.35,28.00%,0.00%,11.63,-46.43,-67.52
821,Kieta,48.07,61.00%,90.00%,4.70,49.18,-57.43
822,Rikitea,78.89,61.00%,40.00%,13.87,22.08,-159.32
823,Mahebourg,83.54,77.00%,76.00%,1.90,-0.19,-74.78
824,Bambous Virieux,50.50,61.00%,75.00%,9.17,-42.88,147.33
825,Sao Joao Da Barra,77.42,89.00%,80.00%,2.13,-4.87,-43.35
826,Yellowknife,68.33,73.00%,64.00%,3.91,-18.06,13.84
827,Albany,81.38,100.00%,92.00%,10.96,-9.8,-139.03
828,Tuktoyaktuk,20.36,76.00%,8.00%,12.64,66.83,70.83
829,Hermanus,57.65,99.00%,100.00%,1.99,-34.42,19.24
830,Mataura,55.15,82.00%,20.00%,14.99,37.72,-25.43
831,Sistranda,54.00,71.00%,20.00%,8.01,-46.19,168.86
832,Amderma,20.00,78.00%,20.00%,5.70,44.75,132.04
833,Ushuaia,38.36,82.00%,8.00%,2.68,-33.21,138.6
834,Gat,50.52,61.00%,75.00%,9.17,-43.03,147.26
835,Punta Arenas,-1.88,59.00%,0.00%,2.46,68.75,161.3
836,Kapaa,82.10,100.00%,68.00%,8.95,-2.57,150.8
837,Artyk,55.22,62.00%,75.00%,18.34,-53.16,-70.91
838,Pisco,43.20,52.00%,1.00%,3.36,60.79,-161.76
839,Avarua,38.36,82.00%,8.00%,2.68,-33.21,138.6
840,Illoqqortoormiut,50.78,100.00%,0.00%,8.61,34.7,138.93
841,Georgetown,26.30,100.00%,68.00%,2.35,61.99,-49.67
842,Busselton,54.00,71.00%,20.00%,8.01,-46.19,168.86
843,Kruisfontein,83.18,100.00%,0.00%,4.92,-0.6,73.08
844,Ushuaia,76.88,100.00%,68.00%,18.57,-23.12,-134.97
845,Punta Arenas,51.03,81.00%,75.00%,17.22,-54.81,-68.31
846,Feucht,50.50,61.00%,75.00%,9.17,-42.88,147.33
847,Padang,72.79,12.00%,1.00%,3.36,35.62,-117.67
848,Ushuaia,73.09,40.00%,1.00%,5.82,38.25,-122.04
849,Port Augusta,58.26,87.00%,76.00%,11.41,-34.53,20.04
850,Ushuaia,84.98,61.00%,36.00%,9.40,7.38,8.57
851,Port Lincoln,24.80,79.00%,90.00%,14.99,69.44,-133.03
852,Elizabethton,38.36,82.00%,8.00%,2.68,-33.21,138.6
853,Sawtell,75.11,88.00%,40.00%,6.93,-20.34,57.76
854,Khatanga,51.03,81.00%,75.00%,17.22,-54.81,-68.31
855,Hermanus,92.27,51.00%,8.00%,3.91,-3.84,-62.06
856,Hilo,54.00,71.00%,24.00%,8.01,-46.13,167.69
857,Megion,70.39,44.00%,44.00%,15.21,-33.64,115.35
858,Haines Junction,51.03,81.00%,75.00%,17.22,-54.81,-68.31
859,Saint-Philippe,32.96,100.00%,80.00%,26.51,70.03,20.97
860,Weihai,8.31,78.00%,75.00%,4.70,63.75,-68.52
861,Hasaki,77.00,65.00%,0.00%,3.36,-22.97,-42.02
862,Grand River South East,71.60,30.00%,40.00%,27.51,-13.71,-76.2
863,Avarua,57.20,93.00%,90.00%,6.93,-41.87,-73.83
864,Cairns,75.20,100.00%,92.00%,17.22,-21.21,-159.78
865,Kununurra,64.40,77.00%,0.00%,8.05,-25.3,152.85
866,Bluff,38.36,82.00%,8.00%,2.68,-33.21,138.6
867,Ambon,74.45,100.00%,92.00%,3.69,-1.71,-47.89
868,Marrakesh,83.18,100.00%,0.00%,4.92,-0.6,73.08
869,Port Alfred,74.54,92.00%,68.00%,8.16,-7.21,-36.83
870,Rikitea,33.66,69.00%,0.00%,11.41,60.22,24.66
871,Butaritari,76.19,69.00%,90.00%,8.05,19.71,-155.08
872,Cape Town,63.20,85.00%,0.00%,0.56,-8.93,125.41
873,Ube,62.98,72.00%,75.00%,17.22,-0.39,-78.55
874,Port Elizabeth,16.94,74.00%,0.00%,2.13,54.81,105.15
875,Tilichiki,87.64,43.00%,40.00%,5.37,15.74,-96.47
876,Xichang,26.30,100.00%,68.00%,2.35,61.99,-49.67
877,Albany,76.19,69.00%,90.00%,8.05,19.71,-155.08
878,Sentyabrskiy,10.91,100.00%,64.00%,2.35,72.79,-56.15
879,Kaoma,30.99,84.00%,24.00%,1.99,57.75,24.36
880,Nikolskoye,83.81,77.00%,0.00%,5.37,7.53,-12.5
881,Dosso,73.73,100.00%,76.00%,5.70,-33.02,27.91
882,Broome,45.23,11.00%,1.00%,4.70,39.95,-94.76
883,Wuwei,23.00,79.00%,36.00%,4.47,53.05,158.65
884,Souillac,85.97,67.00%,88.00%,3.47,-26.98,-56.83
885,New Norfolk,79.93,94.00%,40.00%,9.17,-3.73,-38.66
886,Taolanaro,84.35,99.00%,56.00%,8.39,-1.57,9.26
887,Georgetown,51.03,81.00%,75.00%,17.22,-54.81,-68.31
888,Rikitea,38.36,82.00%,8.00%,2.68,-33.21,138.6
889,Norman Wells,28.40,74.00%,40.00%,20.80,71.03,27.85
890,San Patricio,38.36,82.00%,8.00%,2.68,-33.21,138.6
891,Sentyabrskiy,62.60,48.00%,75.00%,27.51,-45.58,-72.07
892,Norman Wells,81.38,100.00%,92.00%,10.96,-9.8,-139.03
893,Arraial Do Cabo,57.20,93.00%,90.00%,6.93,-42.48,-73.76
894,Rikitea,2.72,65.00%,0.00%,2.57,62.67,131.17
895,Rikitea,74.81,93.00%,48.00%,1.34,-2.42,115.25
896,Taolanaro,53.85,37.00%,1.00%,20.80,39.31,-74.98
897,Melbu,51.03,81.00%,75.00%,17.22,-54.81,-68.31
898,San Carlos De Bariloche,21.53,85.00%,56.00%,15.43,71.97,114.09
899,Vila Franca Do Campo,76.88,100.00%,68.00%,18.57,-23.12,-134.97
900,Cazones,83.18,100.00%,0.00%,4.92,-0.6,73.08
901,Butaritari,41.00,75.00%,0.00%,4.70,48.32,23.04
902,Tasiilaq,77.00,65.00%,0.00%,3.36,-22.97,-42.02
903,Seoul,54.00,71.00%,20.00%,8.01,-46.19,168.86
904,Mollendo,21.53,85.00%,56.00%,15.43,71.97,114.09
905,Ushuaia,51.03,81.00%,75.00%,17.22,-54.81,-68.31
906,Ixtapa,76.88,100.00%,68.00%,18.57,-23.12,-134.97
907,Utiroa,62.60,55.00%,75.00%,4.70,8.96,38.73
908,Bredasdorp,35.87,59.00%,90.00%,19.46,62.45,-114.38
909,Busselton,44.60,75.00%,0.00%,4.03,46.42,3.91
910,Harboore,55.28,100.00%,36.00%,2.13,-34.72,135.86
911,Basqal,26.60,92.00%,40.00%,6.71,64.29,41.92
912,Lawton,78.89,61.00%,40.00%,13.87,22.08,-159.32
913,Ulaanbaatar,60.67,82.00%,75.00%,4.70,-33.93,18.42
914,Mar Del Plata,60.67,82.00%,75.00%,4.70,-33.93,18.42
915,Deer Lake,75.35,28.00%,0.00%,11.63,-46.43,-67.52
916,Kapaa,79.85,100.00%,20.00%,3.69,-8.63,122.22
917,Puerto Leguizamo,76.88,100.00%,68.00%,18.57,-23.12,-134.97
918,Hobart,20.45,98.00%,36.00%,12.19,59.56,150.8
919,Caxias,29.81,83.00%,0.00%,10.96,59.1,26.19
920,Opuwo,55.22,62.00%,75.00%,18.34,-53.16,-70.91
921,Atuona,58.97,100.00%,64.00%,24.94,38.52,-28.7
922,Yar-Sale,10.91,100.00%,64.00%,2.35,72.79,-56.15
923,Hermanus,76.88,100.00%,68.00%,18.57,-23.12,-134.97
924,Vila Franca Do Campo,80.75,100.00%,88.00%,10.63,-16.23,39.91
925,Mataura,81.38,100.00%,92.00%,10.96,-9.8,-139.03
926,Kamen-Rybolov,69.50,93.00%,88.00%,5.37,-33.59,26.89
927,Jamestown,68.15,91.00%,56.00%,2.46,-7.57,24.18
928,Margate,75.80,100.00%,0.00%,2.24,-9.11,124.89
929,Cherskiy,55.22,62.00%,75.00%,18.34,-53.16,-70.91
930,Kavieng,82.28,34.00%,48.00%,7.16,-38.31,-60.23
931,Punta Arenas,-1.70,78.00%,32.00%,4.36,77.48,-69.36
932,Bethel,24.80,79.00%,90.00%,14.99,69.44,-133.03
933,Jamestown,67.86,56.00%,32.00%,5.82,-22.95,14.51
934,Shimoda,89.60,66.00%,20.00%,4.70,-17.53,-149.33
935,Paamiut,50.50,61.00%,75.00%,9.17,-42.88,147.33
936,Mataura,80.26,25.00%,0.00%,8.05,33.43,-117.61
937,Hithadhoo,50.50,61.00%,75.00%,9.17,-42.88,147.33
938,Rikitea,50.00,41.00%,36.00%,2.91,38.42,77.24
939,Ushuaia,21.53,85.00%,56.00%,15.43,71.97,114.09
940,Hobart,51.03,81.00%,75.00%,17.22,-54.81,-68.31
941,Ridgecrest,21.53,85.00%,56.00%,15.43,71.97,114.09
942,Fairfield,68.33,92.00%,0.00%,2.57,15.34,74.49
943,Bredasdorp,89.60,59.00%,20.00%,3.58,10.46,-64.17
944,Yaan,89.26,55.00%,40.00%,6.93,9.55,-79.65
945,Tuktoyaktuk,42.80,87.00%,88.00%,12.75,62.23,-6.59
946,Jamestown,58.26,87.00%,76.00%,11.41,-34.53,20.04
947,Bambous Virieux,70.39,44.00%,44.00%,15.21,-33.64,115.35
948,Ushuaia,75.13,88.00%,40.00%,6.93,-20.01,57.66
949,Codajas,85.97,67.00%,88.00%,3.47,-26.98,-56.83
950,Tuatapere,17.60,67.00%,48.00%,8.05,69.22,-51.1
951,Busselton,53.85,37.00%,1.00%,20.80,39.31,-74.98
952,Ushuaia,-1.70,78.00%,32.00%,4.36,77.48,-69.36
953,Skjervoy,51.03,81.00%,75.00%,17.22,-54.81,-68.31
954,Iqaluit,64.00,85.00%,76.00%,3.00,-22.12,14.28
955,Arraial Do Cabo,78.80,65.00%,40.00%,11.41,-21.64,-41.05
956,Pisco,74.81,80.00%,48.00%,2.13,-30.17,-50.22
957,Ancud,50.50,61.00%,75.00%,9.17,-42.88,147.33
958,Avarua,75.07,94.00%,75.00%,2.24,2.29,111.83
959,Hervey Bay,33.04,92.00%,0.00%,2.24,54.54,17.75
960,Jamestown,29.09,86.00%,80.00%,18.90,61.92,159.24
961,Jutai,78.89,61.00%,40.00%,13.87,22.08,-159.32
962,Hithadhoo,76.43,72.00%,24.00%,4.36,-34.48,-54.34
963,Taperoa,76.19,69.00%,90.00%,8.05,19.71,-155.08
964,Espoo,68.61,28.00%,1.00%,3.36,39.15,-123.21
965,Hilo,70.31,98.00%,92.00%,3.13,-8.09,111.9
966,Airai,46.40,81.00%,20.00%,4.70,50.7,-127.42
967,San Cristobal,85.43,30.00%,0.00%,6.93,16.42,-3.66
968,Zhigalovo,54.00,71.00%,20.00%,8.01,-46.19,168.86
969,Pochutla,50.50,61.00%,75.00%,9.17,-42.78,147.06
970,Paamiut,74.36,100.00%,92.00%,0.89,-0.91,122.88
971,Hilo,50.50,61.00%,75.00%,9.17,-42.88,147.33
972,Upernavik,45.23,11.00%,1.00%,4.70,39.95,-94.76
973,Salacgriva,51.87,57.00%,0.00%,2.24,44.83,-0.61
974,Bonthe,38.88,56.00%,75.00%,26.40,42.65,-73.75
975,East London,50.50,61.00%,75.00%,9.17,-42.78,147.06
976,Kodiak,83.45,100.00%,0.00%,8.16,11.67,92.75
977,Petropavlovsk-Kamchatskiy,36.27,100.00%,90.00%,5.93,49.4,-98.5
978,San Patricio,70.39,44.00%,44.00%,15.21,-33.64,115.35
979,Caucaia,81.38,100.00%,92.00%,10.96,-9.8,-139.03
980,Omboue,9.65,70.00%,36.00%,2.91,70.62,147.9
981,Calaba,45.23,11.00%,1.00%,4.70,39.95,-94.76
982,Ushuaia,70.39,44.00%,44.00%,15.21,-33.64,115.35
983,Jamestown,50.50,61.00%,75.00%,9.17,-42.88,147.33
984,Mehamn,88.49,70.00%,8.00%,3.24,-14.8,-57.29
985,Jamestown,83.34,62.00%,20.00%,14.99,10.24,-61.45
986,Coihaique,45.72,65.00%,1.00%,8.05,59.64,-151.54
987,Atuona,63.00,49.00%,0.00%,15.99,-46.28,169.85
988,Castro,88.45,62.00%,20.00%,8.05,-2.03,-79.75
989,Borogontsy,75.09,88.00%,40.00%,6.93,-20.41,57.7
990,Amuntai,33.37,85.00%,90.00%,11.18,59.7,30.79
991,Port Elizabeth,71.66,100.00%,0.00%,8.39,12.22,125.48
992,Ushuaia,70.39,44.00%,44.00%,15.21,-33.64,115.35
993,Saskylakh,81.38,100.00%,92.00%,10.96,-9.8,-139.03
994,Rikitea,83.72,25.00%,0.00%,7.72,-43.3,-65.11
995,Hithadhoo,79.49,99.00%,76.00%,3.91,-5.2,-35.46
996,Irshava,54.21,47.00%,0.00%,2.24,45.6,-0.6
997,Arraial Do Cabo,76.88,100.00%,68.00%,18.57,-23.12,-134.97
998,Mataura,16.76,79.00%,8.00%,5.82,71.64,128.87
999,Saskylakh,25.76,50.00%,8.00%,6.71,49.69,-83.67
1000,Ushuaia,27.20,100.00%,20.00%,26.17,60.14,-45.24
1001,Rikitea,30.20,39.00%,75.00%,8.05,49.72,-86.95
1002,Lebu,80.28,74.00%,75.00%,4.70,5.28,115.24
1003,Yellowknife,82.40,26.00%,0.00%,12.75,-45.87,-67.48
1004,Saint-Francois,38.36,82.00%,8.00%,2.68,-33.21,138.6
1005,Port Lincoln,51.05,46.00%,0.00%,6.93,28.42,30.79
1006,Lukovetskiy,28.28,93.00%,88.00%,24.83,73.51,80.55
1007,Geresk,54.00,71.00%,20.00%,8.01,-46.19,168.86
1008,Kapaa,71.66,68.00%,32.00%,2.91,-20.74,116.85
1009,Cape Town,95.00,50.00%,40.00%,3.36,5.66,-67.63
1010,Cape Town,68.33,92.00%,0.00%,2.57,15.34,74.49
1011,Mar Del Plata,-1.70,78.00%,32.00%,4.36,77.48,-69.36
1012,Maumere,28.40,86.00%,90.00%,4.47,64.42,-173.23
1013,Rikitea,38.88,56.00%,75.00%,26.40,42.65,-73.75
1014,Sorvag,-1.70,78.00%,32.00%,4.36,77.48,-69.36
1015,Magadan,51.03,81.00%,75.00%,17.22,-54.81,-68.31
1016,Vao,70.39,44.00%,44.00%,15.21,-33.64,115.35
1017,Punta Arenas,38.88,56.00%,75.00%,26.40,42.65,-73.75
1018,Ribeira Grande,81.11,100.00%,0.00%,16.33,-17.73,-39.27
1019,Upernavik,49.39,42.00%,1.00%,4.70,42.87,-106.31
1020,Rikitea,76.19,69.00%,90.00%,8.05,19.71,-155.08
1021,Angoche,54.00,71.00%,20.00%,8.01,-46.19,168.86
1022,Atuona,69.86,95.00%,92.00%,12.19,-35.17,173.16
1023,Port Alfred,50.50,61.00%,75.00%,9.17,-42.78,147.06
1024,Kaniama,45.23,11.00%,1.00%,4.70,39.95,-94.76
1025,Atambua,74.81,80.00%,48.00%,2.13,-30.17,-50.22
1026,Punta Arenas,50.50,61.00%,75.00%,9.17,-42.78,147.06
1027,Bengkulu,-1.70,78.00%,32.00%,4.36,77.48,-69.36
1028,Barrow,48.20,70.00%,1.00%,17.22,55.34,-131.65
1029,Qaanaaq,38.88,56.00%,75.00%,26.40,42.65,-73.75
1030,Tuktoyaktuk,76.88,100.00%,68.00%,18.57,-23.12,-134.97
1031,Walvis Bay,14.51,65.00%,0.00%,2.91,40.85,122.74
1032,Tiarei,76.88,100.00%,68.00%,18.57,-23.12,-134.97
1033,Hobart,28.40,79.00%,1.00%,1.12,37.57,126.98
1034,Grand River South East,57.65,99.00%,100.00%,1.99,-34.42,19.24
1035,San Clemente,78.80,74.00%,75.00%,5.82,17.01,54.1
1036,Hobart,38.88,56.00%,75.00%,26.40,42.65,-73.75
1037,Shache,26.30,100.00%,68.00%,2.35,61.99,-49.67
1038,Saskylakh,29.09,86.00%,80.00%,18.90,61.92,159.24
1039,Ushuaia,78.89,61.00%,40.00%,13.87,22.08,-159.32
1040,Saskylakh,83.84,66.00%,20.00%,13.87,-0.74,-90.35
1041,Vaini,85.19,74.00%,40.00%,13.87,6.8,-58.16
1042,Cumana,59.61,54.00%,1.00%,9.17,33.19,-82.53
1043,Portobelo,73.73,100.00%,76.00%,5.70,-33.02,27.91
1044,Klaksvik,68.33,92.00%,0.00%,2.57,15.34,74.49
1045,Bredasdorp,6.80,60.00%,40.00%,4.70,78.22,15.63
1046,Busselton,32.31,80.00%,75.00%,10.29,63.84,-22.43
1047,Grand Gaube,44.46,34.00%,75.00%,18.34,39.62,-77.74
1048,San Patricio,76.88,100.00%,68.00%,18.57,-23.12,-134.97
1049,Ilulissat,5.06,78.00%,8.00%,6.60,69.38,178.42
1050,Port Elizabeth,60.67,82.00%,75.00%,4.70,-33.93,18.42
1051,Qaanaaq,77.33,53.00%,0.00%,2.91,-20.63,-46
1052,Ushuaia,38.88,56.00%,75.00%,26.40,42.65,-73.75
1053,Henties Bay,75.09,88.00%,40.00%,6.93,-20.41,57.7
1054,Sao Joao Da Barra,35.60,93.00%,90.00%,13.87,65.28,-126.83
1055,Cidreira,57.65,99.00%,100.00%,1.99,-34.42,19.24
1056,Hobart,53.75,62.00%,0.00%,8.50,-23.58,149.07
1057,Sibu,54.00,71.00%,20.00%,8.01,-46.19,168.86
1058,Lebork,26.93,100.00%,48.00%,3.13,65.58,-170.99
1059,Evensk,83.63,26.00%,0.00%,8.50,27.97,-114.04
1060,Palabuhanratu,70.39,44.00%,44.00%,15.21,-33.64,115.35
1061,Kapaa,36.66,69.00%,90.00%,6.93,55.07,24.28
1062,Tsihombe,64.46,27.00%,8.00%,12.19,-30.97,22.13
1063,Asau,45.36,66.00%,0.00%,3.02,39.45,22.34
1064,Rocha,82.55,100.00%,68.00%,15.43,3.07,172.79
1065,Hilo,59.69,89.00%,68.00%,7.38,-34,24.73
1066,Ukiah,38.88,56.00%,75.00%,26.40,42.65,-73.75
1067,Boyolangu,43.31,69.00%,80.00%,16.67,54.43,31.9
1068,Port Hardy,38.88,56.00%,75.00%,26.40,42.65,-73.75
1069,Goundam,50.50,61.00%,75.00%,9.17,-42.78,147.06
1070,Mataura,59.69,89.00%,68.00%,7.38,-34,24.73
1071,New Norfolk,8.31,78.00%,75.00%,4.70,63.75,-68.52
1072,Biak,69.50,93.00%,88.00%,5.37,-33.59,26.89
1073,Hobart,50.25,87.00%,90.00%,3.36,36.3,-76.22
1074,Kodiak,78.80,100.00%,5.00%,2.24,6.12,81.12
1075,Saint-Augustin,50.50,61.00%,75.00%,9.17,-42.88,147.33
1076,Albany,38.88,56.00%,75.00%,26.40,42.65,-73.75
1077,New Norfolk,86.00,19.00%,5.00%,4.70,27.52,-110.01
1078,Port Blair,58.97,100.00%,64.00%,24.94,38.52,-28.7
1079,Altamont,82.01,67.00%,32.00%,6.38,7.99,-10.85
1080,Busselton,75.20,100.00%,92.00%,17.22,-21.21,-159.78
1081,Atuona,48.99,30.00%,8.00%,3.00,37.17,-99.65
1082,Chokurdakh,57.22,82.00%,0.00%,5.82,39.36,-9.38
1083,Kodiak,82.55,100.00%,68.00%,15.43,3.07,172.79
1084,Busselton,52.57,62.00%,75.00%,10.29,30.04,-94.42
1085,Hobart,76.88,100.00%,68.00%,18.57,-23.12,-134.97
1086,Nova Olimpia,85.70,76.00%,8.00%,2.13,-14.4,-56.44
1087,Esperance,84.35,99.00%,56.00%,8.39,-1.57,9.26
1088,Homer,57.11,82.00%,40.00%,28.30,38.73,-27.07
1089,Kaitangata,25.76,85.00%,0.00%,9.17,54.21,72.97
1090,Olinda,83.63,26.00%,0.00%,8.50,27.97,-114.04
1091,Mahebourg,34.92,69.00%,90.00%,9.17,45.36,-73.48
1092,Nikolskoye,78.95,100.00%,92.00%,1.34,4.14,96.13
1093,Alugan,36.18,80.00%,20.00%,1.12,35.73,140.83
1094,Busselton,57.11,82.00%,40.00%,28.30,38.73,-27.07
1095,Atuona,43.70,60.00%,90.00%,9.17,52.02,-113.95
1096,Rawson,81.38,100.00%,92.00%,10.96,-9.8,-139.03
1097,Touros,55.28,100.00%,36.00%,2.13,-34.72,135.86
1098,Mys Shmidta,54.00,71.00%,20.00%,8.01,-46.19,168.86
1099,Souillac,68.33,92.00%,0.00%,2.57,15.34,74.49
1100,Meyungs,54.00,71.00%,20.00%,8.01,-46.19,168.86
1101,Rikitea,52.57,62.00%,75.00%,10.29,30.04,-94.42
1102,Tiksi,51.03,81.00%,75.00%,17.22,-54.81,-68.31
1103,Hearst,54.00,71.00%,20.00%,8.01,-46.19,168.86
1104,Sentyabrskiy,38.88,56.00%,75.00%,26.40,42.65,-73.75
1105,Nanortalik,73.64,96.00%,76.00%,2.57,-6.12,141.3
1106,Geraldton,83.63,100.00%,36.00%,5.93,-16.48,-151.75
1107,Victoria,48.99,30.00%,8.00%,3.00,37.17,-99.65
1108,Comodoro Rivadavia,78.80,100.00%,75.00%,5.82,-6.97,-34.84
1109,Jamestown,55.22,62.00%,75.00%,18.34,-53.16,-70.91
1110,Taolanaro,70.39,44.00%,44.00%,15.21,-33.64,115.35
1111,Matay,31.88,89.00%,88.00%,11.86,56.85,59.05
1112,Dikson,79.31,100.00%,0.00%,7.94,11.28,49.18
1113,Mataura,54.00,71.00%,20.00%,8.01,-46.19,168.86
1114,Karratha,38.41,93.00%,90.00%,17.22,50.2,-66.38
1115,Puerto Ayacucho,28.28,93.00%,88.00%,24.83,73.51,80.55
1116,Vaini,49.77,40.00%,1.00%,16.11,44.67,-103.85
1117,Qaanaaq,33.80,80.00%,90.00%,13.42,53.14,59.15
1118,Provideniya,51.03,81.00%,75.00%,17.22,-54.81,-68.31
1119,Albany,69.95,99.00%,88.00%,1.34,-7.93,111.77
1120,Qaanaaq,21.53,85.00%,56.00%,15.43,71.97,114.09
1121,Ushuaia,57.65,99.00%,100.00%,1.99,-34.42,19.24
1122,Busselton,28.55,90.00%,68.00%,4.03,57.27,103.75
1123,Albany,68.00,68.00%,0.00%,20.80,14.69,-16.54
1124,Caravelas,64.72,88.00%,92.00%,26.40,-41.14,174.84
1125,Casper,58.26,87.00%,76.00%,11.41,-34.53,20.04
1126,Hilo,68.33,92.00%,0.00%,2.57,15.34,74.49
1127,Mataura,75.09,88.00%,40.00%,6.93,-20.41,57.7
1128,Ahipara,82.55,100.00%,68.00%,15.43,3.07,172.79
1129,New Norfolk,57.17,57.00%,0.00%,13.65,-22,148.04
1130,Kodiak,86.00,19.00%,5.00%,4.70,27.52,-110.01
1131,Cidreira,62.60,51.00%,0.00%,6.93,-20.73,139.49
1132,New Norfolk,48.98,100.00%,0.00%,15.66,33.72,135.99
1133,Qaanaaq,43.70,60.00%,90.00%,9.17,52.02,-113.95
1134,Ketchikan,57.45,100.00%,90.00%,11.41,-34.58,150.85
1135,Albany,51.03,81.00%,75.00%,17.22,-54.81,-68.31
1136,Rikitea,55.22,62.00%,75.00%,18.34,-53.16,-70.91
1137,Haicheng,55.22,62.00%,75.00%,18.34,-53.16,-70.91
1138,Rikitea,63.20,85.00%,0.00%,0.56,-8.93,125.41
1139,Seoul,57.65,99.00%,100.00%,1.99,-34.42,19.24
1140,Hermanus,26.93,90.00%,64.00%,16.67,67.55,63.78
1141,Salalah,35.87,59.00%,90.00%,19.46,62.45,-114.38
1142,Albany,82.28,34.00%,48.00%,7.16,-38.31,-60.23
1143,Paamiut,76.88,100.00%,68.00%,18.57,-23.12,-134.97
1144,Evensk,70.39,44.00%,44.00%,15.21,-33.64,115.35
1145,Kapaa,51.03,81.00%,75.00%,17.22,-54.81,-68.31
1146,Puerto Ayora,54.00,71.00%,20.00%,8.01,-46.19,168.86
1147,Georgetown,78.89,61.00%,40.00%,13.87,22.08,-159.32
1148,Avera,75.35,28.00%,0.00%,11.63,-46.43,-67.52
1149,East London,69.50,93.00%,88.00%,5.37,-33.59,26.89
1150,Vaini,38.36,82.00%,8.00%,2.68,-33.21,138.6
1151,Longyearbyen,55.22,62.00%,75.00%,18.34,-53.16,-70.91
1152,Grindavik,54.00,71.00%,20.00%,8.01,-46.19,168.86
1153,Vardo,89.60,40.00%,5.00%,32.21,16.38,-93.6
1154,Rikitea,81.38,100.00%,92.00%,10.96,-9.8,-139.03
1155,Leningradskiy,50.00,61.00%,1.00%,10.29,54.32,-130.32
1156,Cape Town,76.88,100.00%,68.00%,18.57,-23.12,-134.97
1157,Ponta Do Sol,50.78,100.00%,0.00%,8.61,34.7,138.93
1158,Albany,81.38,100.00%,92.00%,10.96,-9.8,-139.03
1159,Barentsburg,49.19,81.00%,90.00%,13.87,26.2,-97.75
1160,Mahebourg,83.45,100.00%,0.00%,8.16,11.67,92.75
1161,Norman Wells,79.40,63.00%,32.00%,8.72,-11.69,-41.77
1162,Hermanus,74.81,80.00%,48.00%,2.13,-30.17,-50.22
1163,Bluff,54.00,71.00%,20.00%,8.01,-46.19,168.86
1164,Mataura,64.28,55.00%,0.00%,6.71,22.68,-3.98
1165,Lavrentiya,65.72,100.00%,92.00%,19.24,-34.05,23.37
1166,Guerrero Negro,51.03,81.00%,75.00%,17.22,-54.81,-68.31
1167,Busselton,58.50,87.00%,0.00%,5.82,37.14,-8.45
1168,Jonava,68.33,92.00%,0.00%,2.57,15.34,74.49
1169,Carnarvon,55.28,63.00%,88.00%,18.79,31.35,27.25
1170,Saint George,58.61,93.00%,92.00%,3.58,29.7,-9.73
1171,Butaritari,79.30,51.00%,20.00%,12.75,20.89,-156.47
1172,Kruisfontein,76.88,100.00%,68.00%,18.57,-23.12,-134.97
1173,Albany,73.19,92.00%,24.00%,3.69,-29.34,-49.73
1174,Sobolevo,-3.95,52.00%,0.00%,2.91,68.54,146.19
1175,Nizhneyansk,34.66,80.00%,90.00%,5.82,44.81,-73.08
1176,Albany,43.38,70.00%,0.00%,5.82,51.46,22.61
1177,New Norfolk,83.44,47.00%,5.00%,11.41,22.89,-109.91
1178,Kruisfontein,73.73,100.00%,76.00%,5.70,-33.02,27.91
1179,Iqaluit,58.26,87.00%,76.00%,11.41,-34.53,20.04
1180,Port Alfred,68.33,92.00%,0.00%,2.57,15.34,74.49
1181,Elizabeth City,78.95,100.00%,92.00%,7.27,9.49,50.81
1182,Hambantota,38.36,82.00%,8.00%,2.68,-33.21,138.6
1183,Hobart,71.30,95.00%,0.00%,15.99,14.9,-24.5
1184,Albany,6.80,60.00%,40.00%,4.70,78.22,15.63
1185,Laguna,53.85,37.00%,1.00%,20.80,39.31,-74.98
1186,Ribeira Grande,57.65,99.00%,100.00%,1.99,-34.42,19.24
1187,Daru,55.22,62.00%,75.00%,18.34,-53.16,-70.91
1188,Avarua,69.01,96.00%,92.00%,18.01,-35.62,174.5
1189,Sitka,55.22,62.00%,75.00%,18.34,-53.16,-70.91
1190,Peniche,50.50,61.00%,75.00%,9.17,-42.78,147.06
1191,Butaritari,21.53,85.00%,56.00%,15.43,71.97,114.09
1192,Nome,29.09,100.00%,12.00%,8.16,43.32,145.57
1193,Rikitea,28.40,86.00%,90.00%,4.47,64.42,-173.23
1194,Diamantino,40.60,93.00%,90.00%,10.29,47.66,-52.73
1195,Omboue,5.06,78.00%,8.00%,6.60,69.38,178.42
1196,Praia Da Vitoria,67.61,81.00%,32.00%,5.14,-12.29,33.17
1197,Odesskoye,61.11,63.00%,75.00%,17.22,26.35,127.87
1198,Guerrero Negro,64.46,27.00%,8.00%,12.19,-30.97,22.13
1199,Saint-Philippe,3.08,63.00%,0.00%,2.35,52.63,126.75
1200,Meulaboh,46.19,92.00%,64.00%,3.58,28.26,109.7
1201,Hasaki,55.22,62.00%,75.00%,18.34,-53.16,-70.91
1202,Praia Da Vitoria,27.56,100.00%,48.00%,4.03,50.68,156.12
1203,Innisfail,90.02,33.00%,76.00%,6.38,12.07,1.79
1204,Atuona,33.41,76.00%,0.00%,9.40,47.41,47.25
1205,Vaitupu,78.89,61.00%,40.00%,13.87,22.08,-159.32
1206,Port Lincoln,48.04,65.00%,0.00%,2.24,47.08,8.13
1207,Mataura,59.95,71.00%,0.00%,8.05,-31.43,152.91
1208,Vaini,50.52,61.00%,75.00%,9.17,-43.03,147.26
1209,Mataura,34.92,69.00%,90.00%,9.17,45.36,-73.48
1210,Nome,28.40,86.00%,90.00%,4.47,64.42,-173.23
1211,Ushuaia,76.88,100.00%,68.00%,18.57,-23.12,-134.97
1212,Mataura,73.00,51.00%,32.00%,1.01,-38.55,-58.74
1213,Albany,58.97,100.00%,64.00%,24.94,38.52,-28.7
1214,Amderma,-0.26,77.00%,0.00%,3.69,69.7,170.27
1215,Kiunga,54.00,71.00%,20.00%,8.01,-46.19,168.86
1216,Faanui,82.55,100.00%,68.00%,15.43,3.07,172.79
1217,Taolanaro,60.67,82.00%,75.00%,4.70,-33.93,18.42
1218,Toliary,48.42,36.00%,90.00%,26.40,39,-77.4
1219,Sitka,63.00,49.00%,0.00%,15.99,-46.28,169.85
1220,Cabedelo,55.28,100.00%,36.00%,2.13,-34.72,135.86
1221,Punta Arenas,64.40,77.00%,0.00%,8.05,-25.3,152.85
1222,Busselton,55.22,62.00%,75.00%,18.34,-53.16,-70.91
1223,Bisert,79.49,99.00%,76.00%,3.91,-5.2,-35.46
1224,Bosaso,82.40,78.00%,0.00%,6.71,7.85,-5.31
1225,Mataura,41.00,93.00%,90.00%,4.70,37.04,45.1
1226,Sept-Iles,55.22,62.00%,75.00%,18.34,-53.16,-70.91
1227,Dikson,76.43,72.00%,24.00%,4.36,-34.48,-54.34
1228,Belle Fourche,75.11,88.00%,40.00%,6.93,-20.34,57.76
1229,Svetlogorsk,73.64,99.00%,12.00%,2.68,5.56,95.32
1230,Ushuaia,54.21,47.00%,0.00%,2.24,45.6,-0.6
1231,Gambiran,58.26,87.00%,76.00%,11.41,-34.53,20.04
1232,Saskylakh,27.56,100.00%,48.00%,4.03,50.68,156.12
1233,Hermanus,81.38,100.00%,92.00%,10.96,-9.8,-139.03
1234,Rudnogorsk,55.22,62.00%,75.00%,18.34,-53.16,-70.91
1235,Gat,38.88,56.00%,75.00%,26.40,42.65,-73.75
1236,Porirua,29.63,93.00%,92.00%,7.16,59.95,56.29
1237,Bredasdorp,57.65,99.00%,100.00%,1.99,-34.42,19.24
1238,Vaini,68.15,91.00%,56.00%,2.46,-7.57,24.18
1239,Mahebourg,43.31,69.00%,80.00%,16.67,54.43,31.9
1240,Butaritari,80.66,96.00%,76.00%,6.71,-3.15,142.36
1241,Tarudant,54.00,71.00%,20.00%,8.01,-46.19,168.86
1242,Moranbah,81.38,100.00%,92.00%,10.96,-9.8,-139.03
1243,Laguna,76.88,100.00%,68.00%,18.57,-23.12,-134.97
1244,Mount Isa,51.03,81.00%,75.00%,17.22,-54.81,-68.31
1245,Shingu,85.97,67.00%,88.00%,3.47,-26.98,-56.83
1246,Innisfail,28.40,86.00%,90.00%,4.47,64.42,-173.23
1247,Flinders,57.20,93.00%,90.00%,6.93,-42.48,-73.76
1248,Ushuaia,83.18,100.00%,0.00%,4.92,-0.6,73.08
1249,Punta Arenas,60.67,82.00%,75.00%,4.70,-33.93,18.42
1250,Punta Arenas,50.50,61.00%,75.00%,9.17,-42.88,147.33
1251,Airai,76.88,100.00%,68.00%,18.57,-23.12,-134.97
1252,Hermanus,20.27,89.00%,80.00%,0.56,46.45,135.83
1253,Belushya Guba,80.60,65.00%,40.00%,9.17,26.54,-78.7
1254,Komsomolskiy,75.35,28.00%,0.00%,11.63,-46.43,-67.52
1255,Mys Shmidta,78.89,61.00%,40.00%,13.87,22.08,-159.32
1256,Yellowknife,84.20,54.00%,40.00%,3.36,-20.51,-54.63
1257,Barrow,29.72,91.00%,80.00%,12.19,71.98,102.47
1258,Rikitea,55.22,62.00%,75.00%,18.34,-53.16,-70.91
1259,Busselton,68.33,97.00%,48.00%,3.91,-10.61,34.11
1260,Ushuaia,32.70,74.00%,0.00%,11.41,58.89,5.65
1261,Mataura,72.56,85.00%,8.00%,7.83,-33.69,-53.46
1262,Kapaa,85.19,74.00%,40.00%,13.87,6.8,-58.16
1263,Mar Del Plata,62.66,78.00%,0.00%,17.78,-26.65,15.16
1264,Port Alfred,5.06,78.00%,8.00%,6.60,69.38,178.42
1265,Jamestown,82.08,39.00%,0.00%,4.03,13.36,-86.4
1266,Punta Arenas,26.60,92.00%,0.00%,6.71,53.17,63.58
1267,Mataura,76.88,100.00%,68.00%,18.57,-23.12,-134.97
1268,Champerico,74.81,80.00%,48.00%,2.13,-30.17,-50.22
1269,Atuona,55.73,56.00%,80.00%,3.91,41.42,-6.55
1270,Prince Rupert,51.03,81.00%,75.00%,17.22,-54.81,-68.31
1271,Rikitea,45.36,66.00%,0.00%,3.02,39.45,22.34
1272,Shimoda,75.35,28.00%,0.00%,11.63,-46.43,-67.52
1273,Atuona,64.51,88.00%,92.00%,26.40,-41.29,174.78
1274,Palm Valley,79.49,99.00%,76.00%,3.91,-5.2,-35.46
1275,Port Blair,82.40,26.00%,0.00%,12.75,-45.87,-67.48
1276,Canarana,38.88,56.00%,75.00%,26.40,42.65,-73.75
1277,Cidreira,28.40,86.00%,75.00%,31.09,70.98,25.97
1278,Mataura,75.17,100.00%,0.00%,2.46,25.72,-79.3
1279,Taoudenni,29.72,91.00%,80.00%,12.19,71.98,102.47
1280,Plettenberg Bay,33.37,85.00%,90.00%,11.18,59.7,30.79
1281,Ushuaia,28.40,50.00%,90.00%,11.41,55.74,-97.86
1282,Lagoa,35.60,93.00%,90.00%,13.87,65.28,-126.83
1283,Vaini,78.80,100.00%,5.00%,2.24,6.12,81.12
1284,Marsa Matruh,30.35,78.00%,0.00%,9.28,58.67,66.57
1285,Tiznit,45.36,66.00%,0.00%,3.02,39.45,22.34
1286,Kahului,81.11,100.00%,0.00%,16.33,-17.73,-39.27
1287,Rikitea,54.00,71.00%,20.00%,8.01,-46.19,168.86
1288,Torres,51.48,71.00%,0.00%,11.41,48.95,4.24
1289,Belaya Gora,10.55,77.00%,56.00%,2.46,53.94,139.92
1290,Saint Albans,45.90,70.00%,0.00%,11.41,51.04,-4.21
1291,Lubartow,33.37,85.00%,90.00%,11.18,59.7,30.79
1292,Cabo San Lucas,55.22,62.00%,75.00%,18.34,-53.16,-70.91
1293,East London,77.15,100.00%,0.00%,5.03,-1.24,116.86
1294,Bredasdorp,50.52,61.00%,75.00%,9.17,-43.03,147.26
1295,Vaini,42.76,65.00%,75.00%,8.05,34.68,131.85
1296,Bandarbeyla,68.33,92.00%,0.00%,2.57,15.34,74.49
1297,Jamestown,38.88,56.00%,75.00%,26.40,42.65,-73.75
1298,Sao Filipe,50.50,61.00%,75.00%,9.17,-42.88,147.33
1299,Longyearbyen,84.71,30.00%,36.00%,9.17,18.9,-3.53
1300,Port Elizabeth,83.18,100.00%,0.00%,4.92,-0.6,73.08
1301,Hermanus,1.46,58.00%,0.00%,2.35,48.19,136.14
1302,Punta Arenas,-0.26,77.00%,0.00%,3.69,69.7,170.27
1303,Ngunguru,87.59,61.00%,0.00%,2.68,-16.46,-54.64
1304,Punta Arenas,64.55,97.00%,24.00%,2.35,-6.71,36.37
1305,New Norfolk,77.33,53.00%,0.00%,2.91,-20.63,-46
1306,Saskylakh,76.88,100.00%,68.00%,18.57,-23.12,-134.97
1307,Nemuro,82.28,34.00%,48.00%,7.16,-38.31,-60.23
1308,Provideniya,83.84,66.00%,20.00%,13.87,-0.74,-90.35
1309,Torbay,68.33,92.00%,0.00%,2.57,15.34,74.49
1310,Leningradskiy,44.73,65.00%,0.00%,8.95,45.22,39.69
1311,Lundazi,60.67,82.00%,75.00%,4.70,-33.93,18.42
1312,Gushikawa,75.62,100.00%,20.00%,2.57,-2.88,108.27
1313,Carnarvon,69.75,45.00%,44.00%,15.21,-33.64,115.35
1314,Sivaki,31.88,92.00%,88.00%,8.95,57.02,82.07
1315,Jishou,81.38,100.00%,92.00%,10.96,-9.8,-139.03
1316,Punta Arenas,80.60,88.00%,40.00%,2.35,9.69,76.78
1317,Severo-Kurilsk,75.13,88.00%,40.00%,6.93,-20.01,57.66
1318,Diapaga,82.40,65.00%,5.00%,6.93,16.86,-99.88
1319,Kharabali,74.81,100.00%,20.00%,1.90,26.54,-77.06
1320,Kapaa,51.03,81.00%,75.00%,17.22,-54.81,-68.31
1321,Kamenskoye,10.91,100.00%,64.00%,2.35,72.79,-56.15
1322,Ruswil,82.10,100.00%,68.00%,8.95,-2.57,150.8
1323,Port Macquarie,81.02,92.00%,56.00%,9.84,5.38,-52.96
1324,Margate,73.19,74.00%,0.00%,12.53,11,122.67
1325,Saint-Philippe,53.82,36.00%,1.00%,6.93,38.95,-119.77
1326,Provideniya,58.97,100.00%,64.00%,24.94,38.52,-28.7
1327,Rikitea,55.22,62.00%,75.00%,18.34,-53.16,-70.91
1328,Necochea,54.00,71.00%,20.00%,8.01,-46.19,168.86
1329,Ribeira Grande,38.36,82.00%,8.00%,2.68,-33.21,138.6
1330,Pevek,76.19,69.00%,90.00%,8.05,19.71,-155.08
1331,Mataura,82.19,100.00%,8.00%,9.17,13.97,74.57
1332,Butaritari,48.51,100.00%,90.00%,14.99,41.28,-70.1
1333,Cape Town,57.20,93.00%,90.00%,6.93,-42.48,-73.76
1334,Sterling,38.88,56.00%,75.00%,26.40,42.65,-73.75
1335,Kaitangata,83.18,100.00%,0.00%,4.92,-0.6,73.08
1336,Port Lincoln,76.88,100.00%,68.00%,18.57,-23.12,-134.97
1337,Hervey Bay,82.40,48.00%,20.00%,17.22,22.73,-81.29
1338,Punta Arenas,78.89,61.00%,40.00%,13.87,22.08,-159.32
1339,Touros,40.43,100.00%,92.00%,25.17,64.25,-15.21
1340,Botro,83.72,100.00%,0.00%,11.74,10.57,72.64
1341,Oshnaviyeh,56.07,93.00%,0.00%,11.07,-26.54,151.84
1342,Punta Arenas,71.78,49.00%,1.00%,11.41,36.62,-121.92
1343,Rocha,27.56,100.00%,48.00%,4.03,50.68,156.12
1344,Bambous Virieux,80.75,84.00%,68.00%,1.90,-0.81,12.73
1345,Meyungs,36.65,100.00%,88.00%,7.16,63.44,-20.27
1346,Banda Aceh,68.33,92.00%,0.00%,2.57,15.34,74.49
1347,Souillac,71.66,96.00%,76.00%,3.91,2.79,24.73
1348,Bredasdorp,33.39,95.00%,90.00%,17.90,64.73,177.51
1349,Severo-Kurilsk,51.03,81.00%,75.00%,17.22,-54.81,-68.31
1350,Atuona,80.28,74.00%,75.00%,4.70,5.28,115.24
1351,Punta Arenas,51.03,81.00%,75.00%,17.22,-54.81,-68.31
1352,Albany,75.35,28.00%,0.00%,11.63,-46.43,-67.52
1353,Kerchevskiy,37.85,44.00%,40.00%,13.87,38.18,-83.43
1354,Hermanus,40.60,93.00%,90.00%,10.29,47.66,-52.73
1355,Kaniama,69.75,45.00%,44.00%,15.21,-33.64,115.35
1356,Sobolevo,54.00,71.00%,20.00%,8.01,-46.19,168.86
1357,Aitape,63.20,85.00%,0.00%,0.56,-8.93,125.41
1358,Mataura,64.00,85.00%,76.00%,3.00,-22.12,14.28
1359,Atuona,51.03,81.00%,75.00%,17.22,-54.81,-68.31
1360,Rikitea,20.27,89.00%,80.00%,0.56,46.45,135.83
1361,Ushuaia,79.13,100.00%,12.00%,19.01,11.72,122.09
1362,San Patricio,50.50,61.00%,75.00%,9.17,-42.78,147.06
1363,Provideniya,76.19,69.00%,90.00%,8.05,19.71,-155.08
1364,Taolanaro,28.40,86.00%,90.00%,4.47,64.42,-173.23
1365,Castro,10.91,100.00%,64.00%,2.35,72.79,-56.15
1366,Hithadhoo,63.86,27.00%,1.00%,5.82,46.06,-118.33
1367,Cape Town,9.65,70.00%,36.00%,2.91,70.62,147.9
1368,Yingshang,57.67,99.00%,100.00%,1.99,-34.42,19.24
1369,Hobart,76.25,36.00%,64.00%,6.04,-17.91,19.77
1370,Qandahar,64.40,77.00%,0.00%,16.11,20.93,-17.03
